id_person,id_course,is_assistant
269,0,False
3437,0,False
133,1,False
1689,1,False
3859,2,False
3792,3,False
3582,4,False
3073,5,False
2329,6,False
3111,7,False
2492,8,False
1377,9,False
52,10,False
1689,10,False
2022,11,False
3204,11,False
3841,12,False
2723,13,False
748,14,False
2524,15,False
1462,16,False
1795,16,False
2640,16,False
470,17,False
1495,18,False
3270,19,False
365,20,False
866,21,False
2620,22,False
374,22,False
3587,22,False
4050,23,False
3340,23,False
1708,23,False
386,24,False
3640,25,False
2876,26,False
3582,27,False
1951,28,False
2136,29,False
3827,29,False
3354,30,False
4245,30,False
1013,32,False
2627,32,False
1574,33,False
470,33,False
3735,34,False
1240,35,False
923,36,False
1045,37,False
2189,37,False
2969,38,False
705,39,False
3793,40,False
798,41,False
1568,42,False
976,43,False
430,43,False
1755,43,False
3931,44,False
35,45,False
3233,45,False
3204,46,False
2404,46,False
2263,47,False
2541,48,False
2606,49,False
757,49,False
3917,50,False
3800,51,False
2925,51,False
2617,52,False
1886,53,False
1695,54,False
1754,55,False
2508,56,False
3816,57,False
1541,58,False
212,58,False
918,58,False
394,59,False
446,60,False
1714,60,False
1739,61,False
1502,62,False
2389,63,False
1216,63,False
1838,64,False
4226,65,False
1793,65,False
2906,66,False
2327,67,False
4021,67,False
3533,68,False
863,68,False
2395,69,False
4282,70,False
3712,70,False
3858,71,False
1575,72,False
3646,73,False
1039,74,False
1085,75,False
380,76,False
3906,76,False
3572,77,False
3337,78,False
4263,78,False
4265,79,False
3526,80,False
2918,80,False
1695,81,False
3806,82,False
116,83,False
1053,84,False
2488,85,False
2640,86,False
2790,87,False
3083,88,False
683,89,False
1764,90,False
2323,91,False
2737,92,False
2915,92,False
1705,92,False
4265,93,False
2530,94,False
3579,95,False
3828,95,False
1688,96,False
2136,97,False
3735,98,False
3078,99,False
256,100,False
1699,101,False
2246,102,False
2631,102,False
3144,102,False
2404,103,False
889,104,False
705,105,False
1806,106,False
290,107,False
3826,108,False
1003,109,False
2507,110,False
4293,111,False
992,113,False
1204,114,False
238,114,False
211,115,False
2055,115,False
3064,116,False
2918,117,False
3590,118,False
4,119,False
863,120,False
3946,120,False
1574,121,False
1495,121,False
131,122,False
2996,123,False
2652,124,False
3434,124,False
4115,125,False
1487,126,False
3285,127,False
1085,127,False
3389,128,False
4030,128,False
922,128,False
81,129,False
2483,130,False
1952,131,False
257,131,False
866,131,False
2507,131,False
2488,132,False
803,133,False
3074,133,False
3032,133,False
632,133,False
1870,134,False
954,134,False
1690,135,False
82,136,False
446,136,False
3191,137,False
3923,138,False
2851,139,False
1596,140,False
289,141,False
4172,143,False
3950,144,False
4046,145,False
1812,146,False
3129,147,False
1574,148,False
2499,149,False
3827,150,False
4113,151,False
1613,151,False
1915,151,False
258,151,False
298,151,False
2326,152,False
3572,153,False
1611,154,False
3808,154,False
1681,154,False
1724,155,False
558,156,False
1508,157,False
492,158,False
1236,158,False
131,159,False
996,160,False
3735,161,False
1801,161,False
665,162,False
3946,162,False
2540,163,False
2628,163,False
3036,163,False
3407,163,False
1928,164,False
3056,165,False
3418,166,False
3142,166,False
48,167,False
2532,167,False
1361,168,False
1816,168,False
3021,169,False
1327,170,False
3284,172,False
2369,173,False
3615,174,False
3389,175,False
4030,175,False
922,175,False
3856,176,False
3612,177,False
2729,178,False
3888,178,False
3269,179,False
553,179,False
3206,180,False
1211,181,False
2617,181,False
3931,182,False
430,183,False
4311,184,False
2136,185,False
1485,186,False
1695,186,False
256,186,False
3081,186,False
2754,186,False
3412,187,False
2357,188,False
48,188,False
1485,188,False
3042,188,False
3081,188,False
3917,188,False
3956,188,False
3247,189,False
3479,190,False
2583,190,False
3844,191,False
3524,192,False
90,193,False
3412,193,False
1558,193,False
1620,194,False
737,194,False
1994,194,False
493,195,False
4195,196,False
4308,197,False
237,197,False
2819,198,False
2488,199,False
89,200,False
2632,200,False
910,201,False
1492,201,False
1197,202,False
2583,202,False
1466,203,False
3612,204,False
56,205,False
703,206,False
2200,206,False
2832,206,False
912,207,False
2715,207,False
4157,207,False
1380,208,False
835,208,False
3125,209,False
2796,209,False
917,210,False
2906,210,False
3423,211,False
2757,211,False
655,212,False
1811,213,False
1612,214,False
17,215,False
3391,216,False
1010,216,False
212,217,False
3185,218,False
4030,218,False
2859,219,False
947,220,False
2285,221,False
3612,221,False
487,221,False
1377,222,False
768,223,False
3379,223,False
3735,223,False
2388,223,False
910,223,False
1801,223,False
3936,223,False
646,224,False
2314,225,False
1554,226,False
3066,227,False
1613,228,False
1725,229,False
1393,229,False
236,230,False
2663,231,False
2728,232,False
1789,232,False
94,233,False
2833,234,False
3820,235,False
1029,236,False
1851,237,False
4263,238,False
3337,238,False
652,239,False
4129,240,False
3454,241,False
3816,242,False
889,243,False
2485,244,False
3151,244,False
4048,245,False
1741,245,False
1717,246,False
3902,246,False
298,247,False
827,248,False
1508,249,False
3615,249,False
2918,250,False
693,251,False
3792,252,False
3750,253,False
2796,254,False
3906,254,False
3849,255,False
2026,255,False
3389,256,False
4030,256,False
922,256,False
1278,257,False
4115,258,False
3080,259,False
2760,260,False
390,261,False
3855,262,False
3066,263,False
1080,264,False
472,265,False
1123,266,False
2431,266,False
2571,267,False
482,267,False
3906,268,False
2852,269,False
1487,270,False
1912,271,False
458,271,False
915,271,False
1797,271,False
2338,272,False
1478,272,False
3582,273,False
2824,274,False
1737,275,False
897,277,False
3510,277,False
3813,277,False
2427,278,False
1764,279,False
2717,280,False
3735,280,False
1801,280,False
2915,281,False
182,281,False
3781,281,False
2576,282,False
1742,282,False
3437,283,False
269,283,False
1808,284,False
917,285,False
2827,286,False
1787,287,False
2489,287,False
1864,288,False
1765,289,False
3795,290,False
931,291,False
4270,292,False
3066,293,False
3193,294,False
2136,295,False
2740,296,False
1819,296,False
3340,297,False
1920,298,False
432,298,False
2841,299,False
534,300,False
4186,301,False
827,302,False
2957,303,False
3647,303,False
891,304,False
3754,305,False
3833,306,False
911,307,False
56,308,False
3286,309,False
2583,309,False
4270,310,False
1101,311,False
4129,312,False
1478,313,False
3340,314,False
356,315,False
3149,316,False
1582,317,False
565,318,False
3684,319,False
3685,320,False
4187,320,False
14,321,False
3672,322,False
1431,322,False
3771,323,False
938,323,False
3042,324,False
3081,324,False
1554,325,False
2457,326,False
37,326,False
4265,327,False
1678,328,False
706,329,False
805,330,False
3852,331,False
3133,332,False
1827,332,False
4265,333,False
564,334,False
3379,334,False
2035,334,False
1492,334,False
3936,334,False
2572,335,False
461,336,False
3285,337,False
1119,337,False
4263,338,False
897,338,False
3510,338,False
3337,338,False
3813,338,False
2827,339,False
1806,340,False
1029,341,False
2996,342,False
2755,343,False
3768,344,False
3992,344,False
2461,344,False
749,345,False
217,345,False
2338,345,False
920,345,False
1030,346,False
2033,346,False
3482,346,False
348,346,False
1093,347,False
1380,347,False
835,347,False
4127,348,False
1124,349,False
1688,349,False
3864,350,False
2667,350,False
3206,350,False
3452,351,False
1485,352,False
273,352,False
1612,353,False
1783,354,False
3935,355,False
3016,356,False
539,357,False
2584,358,False
3432,359,False
2533,360,False
992,360,False
3576,361,False
1705,361,False
1811,362,False
443,363,False
1236,364,False
492,364,False
2609,365,False
1473,366,False
3111,367,False
3925,368,False
3484,369,False
2306,370,False
3818,371,False
3650,372,False
1938,372,False
1816,372,False
27,373,False
1417,374,False
1354,374,False
3283,375,False
3713,375,False
2483,376,False
336,377,False
2580,378,False
652,381,False
1596,382,False
1737,382,False
1815,383,False
2796,384,False
443,385,False
433,386,False
82,387,False
1714,387,False
1045,388,False
2457,388,False
2551,389,False
2427,390,False
2071,391,False
3844,392,False
1120,393,False
584,394,False
500,394,False
3083,395,False
3780,396,False
875,397,False
702,398,False
3076,399,False
1920,400,False
1783,401,False
565,402,False
922,403,False
1214,405,False
2772,406,False
2809,406,False
2134,407,False
3000,408,False
3931,409,False
1811,410,False
1708,411,False
798,412,False
3701,413,False
1699,414,False
151,415,False
954,416,False
2171,417,False
2713,417,False
593,417,False
3800,417,False
2213,418,False
2915,419,False
2737,419,False
1705,419,False
3038,420,False
2580,421,False
4105,422,False
3704,423,False
3706,423,False
3893,423,False
2994,424,False
428,425,False
472,425,False
2345,426,False
2321,426,False
3309,426,False
1738,426,False
1551,427,False
1503,427,False
2076,428,False
884,429,False
3111,430,False
2676,431,False
2189,431,False
4263,432,False
3337,432,False
348,433,False
1030,433,False
2728,434,False
1789,434,False
3270,435,False
2103,436,False
2608,436,False
3047,436,False
2618,437,False
1708,438,False
2823,439,False
969,439,False
1719,440,False
1030,441,False
1895,441,False
2563,442,False
206,443,False
665,444,False
3946,444,False
2629,444,False
558,445,False
1325,446,False
1732,447,False
147,448,False
4142,449,False
430,449,False
922,450,False
310,451,False
85,452,False
767,453,False
1801,453,False
673,454,False
3285,455,False
2553,455,False
3078,456,False
946,456,False
3079,456,False
2708,457,False
2076,458,False
3816,459,False
2423,460,False
598,461,False
1568,462,False
886,462,False
3805,462,False
2395,463,False
992,464,False
1087,465,False
109,465,False
3078,466,False
2989,467,False
3111,468,False
380,469,False
923,470,False
3684,471,False
2824,472,False
996,473,False
2513,473,False
3270,474,False
1921,475,False
2617,475,False
1949,476,False
1326,477,False
491,478,False
2509,478,False
3488,479,False
2327,479,False
4113,480,False
2305,481,False
587,481,False
3598,482,False
502,483,False
1319,483,False
2293,483,False
2180,483,False
2969,484,False
264,485,False
3781,486,False
182,486,False
2915,486,False
3097,487,False
1764,488,False
2003,489,False
3813,490,False
433,491,False
2108,492,False
2724,492,False
430,493,False
3151,494,False
180,495,False
1822,495,False
421,496,False
2306,497,False
3478,498,False
1665,498,False
1915,499,False
258,499,False
188,500,False
3098,501,False
1797,502,False
2507,502,False
3589,502,False
655,503,False
2587,504,False
1668,504,False
791,504,False
4155,504,False
3785,505,False
3149,506,False
3685,507,False
4226,508,False
1793,508,False
3960,509,False
432,510,False
4263,511,False
897,511,False
3510,511,False
3337,511,False
3813,511,False
3432,512,False
3830,512,False
1673,513,False
3855,514,False
1822,515,False
996,516,False
3200,517,False
1783,517,False
3931,518,False
1951,518,False
3082,518,False
2530,519,False
1713,520,False
3453,521,False
3081,522,False
3546,523,False
549,523,False
1310,524,False
17,524,False
4116,525,False
3924,526,False
2171,526,False
1093,527,False
1380,527,False
3285,527,False
1119,527,False
835,527,False
947,528,False
3813,529,False
3840,530,False
2354,531,False
1821,531,False
3073,532,False
2953,533,False
3589,533,False
3025,534,False
3573,535,False
1671,535,False
3856,536,False
2483,537,False
2136,538,False
3827,538,False
3859,539,False
3735,540,False
38,541,False
3754,541,False
3078,541,False
2822,541,False
2952,543,False
3477,544,False
4186,544,False
2498,545,False
2563,545,False
1732,545,False
854,545,False
652,546,False
2909,547,False
930,547,False
478,548,False
1473,549,False
3268,550,False
467,550,False
4116,551,False
3628,551,False
1644,551,False
2035,552,False
1886,552,False
3827,553,False
917,554,False
2906,554,False
479,555,False
1031,556,False
924,556,False
48,557,False
3792,558,False
2505,559,False
1488,560,False
2553,561,False
2086,562,False
1754,562,False
3270,563,False
2792,564,False
2459,565,False
705,566,False
2426,567,False
4030,567,False
922,567,False
1815,567,False
3029,567,False
3754,568,False
796,568,False
2492,569,False
3285,570,False
1119,570,False
3412,571,False
3785,572,False
1807,573,False
2335,574,False
3047,574,False
3167,575,False
805,576,False
2609,577,False
2075,578,False
356,578,False
3185,578,False
4030,578,False
1764,580,False
3046,581,False
3734,582,False
1400,583,False
1818,583,False
1080,584,False
1730,584,False
1030,585,False
348,585,False
584,586,False
991,586,False
2723,587,False
3992,588,False
276,589,False
3839,590,False
3780,590,False
1036,591,False
3135,592,False
4172,593,False
3270,594,False
4172,595,False
2540,596,False
2628,596,False
3036,596,False
3407,596,False
90,597,False
3582,598,False
2321,599,False
1085,602,False
3931,603,False
1951,603,False
3082,603,False
3336,604,False
1753,604,False
3143,604,False
231,605,False
3858,606,False
2847,607,False
2499,608,False
4075,609,False
2802,610,False
2529,611,False
875,612,False
4306,613,False
731,613,False
788,615,False
2954,615,False
1739,616,False
3785,617,False
3784,618,False
3754,619,False
3079,619,False
4263,620,False
3337,620,False
2488,621,False
662,621,False
1706,622,False
3792,623,False
3056,624,False
1705,624,False
3684,625,False
2620,626,False
923,626,False
2114,627,False
3964,627,False
4124,628,False
3063,628,False
2431,628,False
657,629,False
1165,630,False
3074,631,False
374,632,False
3587,632,False
1010,633,False
1581,634,False
462,634,False
487,635,False
53,636,False
782,636,False
2226,636,False
2391,637,False
3145,638,False
479,639,False
2953,640,False
298,641,False
1800,642,False
911,643,False
1101,644,False
3151,645,False
1035,646,False
999,646,False
3845,647,False
3440,648,False
1717,649,False
3834,649,False
3735,650,False
3285,651,False
2553,651,False
2954,652,False
2871,653,False
3870,654,False
98,654,False
2909,655,False
298,656,False
2975,657,False
3936,658,False
269,659,False
3849,660,False
2026,660,False
3042,661,False
82,662,False
446,662,False
1827,663,False
2114,664,False
3964,664,False
3066,665,False
2811,666,False
693,667,False
1732,668,False
676,669,False
765,670,False
2634,670,False
423,670,False
2256,671,False
3430,671,False
2260,671,False
367,672,False
2553,673,False
4263,674,False
897,674,False
3510,674,False
3337,674,False
3813,674,False
2499,675,False
3058,676,False
2583,676,False
490,677,False
2174,677,False
479,678,False
3613,679,False
3453,680,False
252,681,False
3430,682,False
3835,682,False
84,683,False
2221,684,False
3476,685,False
1693,686,False
1031,687,False
2818,687,False
3088,688,False
912,688,False
1390,689,False
367,689,False
3129,689,False
731,690,False
261,690,False
805,691,False
3412,692,False
2171,692,False
2824,692,False
283,693,False
1120,694,False
2858,694,False
453,695,False
915,695,False
1683,695,False
2994,696,False
2239,697,False
3145,698,False
1807,699,False
2760,700,False
2945,701,False
2285,701,False
3452,701,False
373,701,False
3081,701,False
4,702,False
3811,703,False
3265,704,False
4263,705,False
3337,705,False
882,706,False
109,707,False
940,708,False
2421,709,False
1012,710,False
1991,711,False
261,711,False
2788,711,False
1321,713,False
4257,714,False
2485,714,False
2968,714,False
3078,715,False
946,715,False
3079,715,False
1749,716,False
4048,717,False
1741,717,False
3192,718,False
3924,719,False
2171,719,False
564,720,False
3379,720,False
2035,720,False
1492,720,False
3936,720,False
2824,721,False
945,722,False
891,722,False
3270,723,False
3021,724,False
479,725,False
4283,726,False
1787,727,False
2489,727,False
3840,728,False
901,729,False
4263,730,False
3337,730,False
911,732,False
254,733,False
558,733,False
828,734,False
2836,734,False
3078,735,False
946,735,False
3079,735,False
472,736,False
2671,737,False
936,737,False
4314,738,False
367,738,False
1503,739,False
4200,740,False
646,740,False
579,741,False
652,741,False
1819,741,False
2014,742,False
2378,743,False
258,744,False
665,745,False
3946,745,False
3855,746,False
3800,748,False
2925,748,False
3872,749,False
2218,749,False
1554,749,False
3452,749,False
656,750,False
52,751,False
125,752,False
3931,753,False
933,754,False
665,755,False
1085,756,False
1211,757,False
3204,757,False
3200,758,False
2652,759,False
3434,759,False
289,760,False
269,761,False
3391,762,False
116,763,False
3023,764,False
1466,765,False
3345,766,False
932,766,False
2583,766,False
678,768,False
1728,769,False
901,770,False
356,771,False
2745,772,False
478,773,False
1693,774,False
2620,775,False
374,775,False
3587,775,False
3724,776,False
2843,778,False
4314,779,False
367,779,False
3960,780,False
237,781,False
886,782,False
931,783,False
1818,784,False
1400,784,False
897,785,False
3510,785,False
3813,785,False
3785,786,False
1262,787,False
1466,788,False
2369,789,False
1803,790,False
2530,791,False
2854,793,False
2968,794,False
1485,795,False
1710,795,False
2108,796,False
2724,796,False
2735,797,False
2330,798,False
4301,799,False
910,800,False
1492,800,False
2211,801,False
1033,802,False
674,802,False
2541,803,False
4090,804,False
3412,805,False
654,806,False
3021,807,False
3075,808,False
857,809,False
257,809,False
444,809,False
2048,810,False
4298,810,False
1792,810,False
430,811,False
3034,811,False
2314,812,False
1414,813,False
3080,814,False
3800,815,False
4094,816,False
4270,816,False
2330,816,False
2260,816,False
3835,816,False
2326,817,False
1411,818,False
2216,819,False
3440,819,False
2594,820,False
2991,820,False
3389,821,False
4030,821,False
922,821,False
1364,822,False
2485,823,False
3151,823,False
237,824,False
2508,825,False
1596,826,False
2488,827,False
1334,828,False
591,828,False
303,829,False
409,829,False
996,830,False
2513,830,False
3701,831,False
3845,831,False
4129,832,False
493,833,False
1361,834,False
4044,835,False
1165,835,False
1042,836,False
2666,837,False
1368,838,False
2555,838,False
3131,839,False
1085,840,False
2629,841,False
2661,842,False
857,843,False
257,843,False
444,843,False
1487,844,False
3839,845,False
2802,846,False
1528,847,False
4168,847,False
901,847,False
1782,847,False
3590,848,False
1701,849,False
56,850,False
1730,851,False
565,852,False
2075,853,False
1816,853,False
3204,854,False
2404,854,False
2996,855,False
1657,856,False
3845,857,False
2996,858,False
889,859,False
2345,860,False
3309,860,False
1738,860,False
395,861,False
3482,861,False
1031,862,False
924,862,False
386,863,False
2899,864,False
3819,864,False
3066,864,False
242,865,False
267,865,False
2015,866,False
374,867,False
3913,868,False
2556,869,False
666,869,False
2994,869,False
3902,869,False
1502,870,False
2361,871,False
3589,872,False
432,873,False
1124,874,False
1688,874,False
3813,875,False
2524,876,False
4,877,False
934,878,False
3598,878,False
421,879,False
706,880,False
3484,881,False
652,882,False
2580,883,False
3074,883,False
3032,883,False
3412,884,False
2171,884,False
433,885,False
3792,886,False
2457,887,False
1690,888,False
1607,889,False
1521,889,False
3193,890,False
3083,891,False
2630,891,False
3855,892,False
2114,893,False
3964,893,False
1921,894,False
2641,895,False
2468,896,False
488,896,False
1554,897,False
2735,897,False
446,897,False
3061,897,False
487,897,False
2553,898,False
3813,898,False
3078,899,False
3412,900,False
2171,900,False
2824,900,False
3074,901,False
3167,902,False
3432,903,False
2807,904,False
4048,905,False
1741,905,False
3833,906,False
1326,907,False
440,907,False
2486,908,False
478,909,False
2663,910,False
3835,911,False
1951,912,False
3478,913,False
941,914,False
208,915,False
3615,916,False
1240,917,False
1920,918,False
81,919,False
652,920,False
3849,920,False
2233,921,False
3107,921,False
3256,922,False
2580,922,False
3942,923,False
1202,924,False
2823,925,False
1327,926,False
3660,927,False
3510,927,False
175,927,False
4026,927,False
84,928,False
1994,929,False
2916,930,False
3660,931,False
3337,931,False
3826,932,False
2757,933,False
3763,934,False
4072,935,False
3904,935,False
1640,936,False
3021,937,False
654,938,False
182,939,False
81,940,False
918,941,False
3582,942,False
1768,943,False
2518,944,False
3268,945,False
289,946,False
1759,947,False
1123,948,False
4,949,False
665,950,False
3946,950,False
3785,951,False
4157,952,False
2715,952,False
912,952,False
2620,953,False
374,953,False
1492,953,False
3845,955,False
359,956,False
2530,957,False
2754,958,False
2456,959,False
1830,959,False
3136,960,False
430,961,False
3029,962,False
3897,963,False
2086,964,False
2540,965,False
2628,965,False
3036,965,False
3407,965,False
1739,966,False
1815,967,False
356,968,False
1795,969,False
429,970,False
2388,972,False
2122,973,False
946,973,False
2632,974,False
654,975,False
485,975,False
534,976,False
673,976,False
1321,977,False
991,978,False
940,979,False
1912,980,False
458,980,False
915,980,False
1797,980,False
3606,981,False
655,983,False
234,985,False
1945,985,False
2529,985,False
1701,985,False
281,986,False
3389,987,False
4030,987,False
922,987,False
901,988,False
1782,988,False
4113,989,False
2891,990,False
3185,990,False
154,991,False
3832,991,False
3838,991,False
1803,992,False
4074,993,False
2267,994,False
827,994,False
705,995,False
565,996,False
2636,997,False
4006,998,False
676,998,False
3826,999,False
3370,1000,False
2586,1000,False
363,1001,False
4298,1002,False
2597,1003,False
3798,1004,False
1724,1005,False
1719,1006,False
654,1007,False
1030,1008,False
3818,1009,False
683,1010,False
2698,1011,False
642,1011,False
1053,1012,False
2954,1013,False
3496,1014,False
1716,1016,False
3589,1016,False
827,1017,False
1503,1018,False
1551,1018,False
3101,1019,False
432,1020,False
242,1021,False
267,1021,False
936,1022,False
3167,1023,False
3097,1023,False
3576,1024,False
3127,1025,False
2802,1026,False
3021,1027,False
1737,1028,False
1551,1029,False
1503,1029,False
1644,1032,False
1385,1032,False
310,1032,False
2822,1033,False
3613,1034,False
2306,1035,False
1764,1036,False
3008,1037,False
2035,1038,False
1838,1038,False
693,1039,False
453,1040,False
2083,1041,False
3913,1042,False
3070,1042,False
3023,1042,False
1767,1042,False
1197,1043,False
2583,1043,False
1414,1044,False
2468,1045,False
66,1045,False
3573,1046,False
1671,1046,False
4098,1047,False
492,1048,False
1788,1049,False
4195,1050,False
395,1051,False
3482,1051,False
1706,1052,False
1748,1053,False
999,1053,False
3616,1054,False
941,1055,False
3925,1056,False
3856,1057,False
1865,1058,False
3488,1059,False
2007,1060,False
1768,1060,False
2796,1061,False
2792,1062,False
3587,1063,False
297,1064,False
273,1065,False
1612,1066,False
2289,1067,False
297,1068,False
3060,1069,False
1087,1070,False
1689,1071,False
930,1072,False
1710,1073,False
150,1074,False
1082,1075,False
4131,1076,False
2033,1077,False
683,1078,False
659,1079,False
4265,1080,False
2802,1081,False
1476,1082,False
1869,1083,False
1057,1084,False
2996,1084,False
95,1085,False
3427,1086,False
2809,1086,False
3902,1087,False
2477,1088,False
1991,1088,False
932,1088,False
3888,1088,False
3143,1088,False
634,1088,False
433,1089,False
665,1090,False
3946,1090,False
947,1091,False
3715,1092,False
3612,1093,False
3815,1094,False
1172,1095,False
94,1095,False
3144,1095,False
775,1096,False
3750,1098,False
3412,1099,False
2171,1099,False
2824,1099,False
1721,1100,False
681,1101,False
3582,1102,False
2518,1103,False
1197,1104,False
2583,1104,False
652,1105,False
1616,1106,False
2488,1107,False
662,1107,False
45,1108,False
3029,1109,False
289,1110,False
3047,1111,False
2053,1112,False
835,1112,False
1644,1113,False
3917,1114,False
3489,1115,False
4026,1116,False
3583,1117,False
3111,1118,False
3950,1119,False
487,1120,False
3012,1121,False
1644,1122,False
1385,1122,False
310,1122,False
4195,1123,False
3169,1123,False
3812,1123,False
2841,1124,False
2402,1125,False
1782,1126,False
3700,1127,False
273,1127,False
2919,1128,False
1222,1129,False
1993,1130,False
2343,1130,False
2823,1131,False
1811,1133,False
2287,1134,False
812,1135,False
2105,1136,False
495,1136,False
2342,1136,False
2836,1136,False
3063,1137,False
3844,1138,False
4156,1139,False
1431,1139,False
3660,1140,False
2055,1141,False
326,1141,False
1921,1142,False
2617,1142,False
3935,1143,False
429,1144,False
3111,1145,False
3960,1146,False
3496,1147,False
2136,1148,False
4093,1149,False
2356,1150,False
609,1150,False
1715,1150,False
2662,1151,False
439,1152,False
1765,1153,False
665,1154,False
3946,1154,False
2629,1154,False
2989,1155,False
3191,1156,False
3897,1156,False
2369,1157,False
3285,1158,False
3660,1158,False
3337,1158,False
2553,1158,False
863,1159,False
3946,1159,False
3858,1160,False
2326,1161,False
1012,1162,False
4116,1163,False
1716,1164,False
2293,1165,False
1321,1165,False
889,1166,False
500,1167,False
267,1168,False
237,1169,False
39,1170,False
3793,1170,False
2033,1171,False
2942,1172,False
3557,1173,False
3546,1173,False
1871,1174,False
2680,1175,False
1784,1176,False
2007,1176,False
2076,1177,False
932,1178,False
1211,1179,False
903,1179,False
3038,1180,False
2534,1182,False
1574,1183,False
2071,1183,False
386,1184,False
3795,1184,False
1478,1185,False
1508,1186,False
642,1187,False
484,1188,False
2792,1189,False
1787,1190,False
182,1191,False
3781,1191,False
1699,1191,False
4280,1192,False
2609,1192,False
2431,1193,False
4179,1195,False
796,1195,False
3088,1195,False
1319,1195,False
500,1196,False
227,1196,False
4021,1196,False
3034,1197,False
3808,1198,False
2620,1199,False
374,1199,False
3587,1199,False
1428,1200,False
1012,1201,False
2904,1202,False
201,1202,False
3803,1202,False
45,1203,False
3715,1204,False
32,1205,False
3260,1206,False
2361,1206,False
3378,1207,False
897,1208,False
897,1209,False
362,1210,False
919,1211,False
3792,1212,False
3819,1213,False
658,1214,False
1029,1214,False
1377,1215,False
52,1216,False
1689,1216,False
526,1217,False
1683,1218,False
2174,1219,False
490,1219,False
1487,1220,False
2847,1220,False
3864,1221,False
2667,1221,False
3206,1221,False
3532,1221,False
2492,1222,False
3464,1223,False
3687,1223,False
2263,1224,False
1029,1225,False
2482,1226,False
2755,1226,False
3813,1227,False
3510,1227,False
897,1227,False
1012,1228,False
3771,1229,False
46,1230,False
2641,1231,False
3524,1232,False
2724,1233,False
2108,1233,False
584,1233,False
3,1234,False
2037,1235,False
946,1235,False
4026,1235,False
439,1236,False
2681,1237,False
3845,1238,False
534,1239,False
82,1240,False
446,1240,False
1612,1241,False
374,1242,False
3587,1242,False
2404,1243,False
3079,1244,False
2553,1244,False
1912,1245,False
458,1245,False
915,1245,False
1797,1245,False
1003,1246,False
45,1247,False
2919,1248,False
534,1249,False
3890,1249,False
1010,1249,False
154,1250,False
3058,1251,False
1202,1252,False
1716,1252,False
1619,1253,False
805,1254,False
3813,1255,False
3510,1255,False
897,1255,False
1793,1256,False
1736,1257,False
3088,1258,False
2664,1259,False
2891,1260,False
3185,1260,False
1613,1261,False
1870,1262,False
2190,1263,False
2909,1265,False
3815,1265,False
1101,1266,False
941,1267,False
676,1268,False
2606,1269,False
3041,1270,False
3081,1270,False
2541,1271,False
618,1272,False
1487,1272,False
3088,1273,False
912,1273,False
2035,1274,False
1838,1274,False
1806,1275,False
1806,1276,False
917,1277,False
961,1279,False
1476,1280,False
3793,1282,False
1783,1283,False
916,1284,False
1503,1285,False
1838,1287,False
3750,1290,False
2841,1291,False
2622,1292,False
2641,1293,False
3917,1294,False
3840,1295,False
1087,1296,False
3771,1297,False
938,1297,False
3038,1298,False
4046,1299,False
107,1299,False
3212,1300,False
219,1300,False
2739,1300,False
1952,1301,False
257,1301,False
866,1301,False
2507,1301,False
3225,1302,False
2505,1302,False
3849,1303,False
3984,1303,False
2662,1304,False
1862,1304,False
4143,1305,False
3200,1306,False
2843,1307,False
1616,1308,False
1915,1309,False
487,1310,False
3391,1311,False
3890,1311,False
2838,1312,False
3000,1312,False
493,1313,False
82,1314,False
1714,1314,False
960,1315,False
1329,1315,False
2540,1316,False
2628,1316,False
3036,1316,False
3407,1316,False
2854,1317,False
485,1318,False
2062,1319,False
2726,1320,False
3806,1321,False
1721,1322,False
1487,1323,False
2811,1324,False
796,1327,False
2062,1327,False
3835,1327,False
3806,1328,False
3855,1329,False
2559,1330,False
2559,1331,False
3519,1332,False
1012,1333,False
379,1334,False
2477,1335,False
406,1335,False
1551,1336,False
543,1337,False
1894,1337,False
1939,1337,False
3309,1338,False
81,1339,False
539,1339,False
1551,1340,False
1503,1340,False
748,1341,False
3312,1342,False
1868,1343,False
3453,1344,False
950,1345,False
3452,1346,False
218,1347,False
4263,1347,False
2740,1347,False
3337,1347,False
1819,1347,False
3785,1348,False
3855,1349,False
3167,1350,False
941,1351,False
1716,1352,False
1550,1353,False
429,1354,False
3056,1355,False
3896,1356,False
46,1356,False
1174,1357,False
1952,1357,False
3066,1358,False
2007,1359,False
1768,1359,False
3452,1360,False
362,1361,False
2007,1362,False
298,1363,False
1488,1364,False
2329,1365,False
3808,1366,False
4022,1367,False
1716,1368,False
2114,1370,False
3964,1370,False
1263,1371,False
1003,1371,False
897,1372,False
4308,1373,False
237,1373,False
1364,1374,False
1613,1375,False
2620,1376,False
374,1376,False
3587,1376,False
2698,1377,False
642,1377,False
2975,1378,False
3750,1379,False
3427,1380,False
2809,1380,False
3677,1381,False
1572,1381,False
433,1382,False
658,1382,False
1724,1383,False
1988,1384,False
3066,1385,False
2891,1386,False
3185,1386,False
478,1387,False
3654,1388,False
2641,1388,False
3111,1389,False
3956,1390,False
1939,1391,False
1803,1392,False
3910,1393,False
3607,1394,False
3496,1395,False
3580,1395,False
3072,1396,False
2729,1397,False
3888,1397,False
921,1398,False
2344,1399,False
2498,1399,False
3201,1400,False
395,1401,False
3482,1401,False
1549,1402,False
433,1403,False
658,1403,False
1390,1404,False
367,1404,False
3129,1404,False
1485,1405,False
282,1406,False
3074,1407,False
3032,1407,False
3589,1408,False
1003,1409,False
2572,1410,False
2423,1411,False
1827,1413,False
354,1414,False
3923,1415,False
539,1416,False
3830,1416,False
289,1417,False
3204,1418,False
2404,1418,False
2823,1419,False
3391,1420,False
3890,1420,False
1010,1420,False
2421,1421,False
903,1422,False
1920,1423,False
1093,1424,False
1380,1424,False
835,1424,False
45,1425,False
2181,1426,False
1380,1427,False
835,1427,False
2338,1428,False
2952,1428,False
1551,1429,False
151,1430,False
1015,1431,False
2122,1432,False
946,1432,False
1084,1433,False
3088,1433,False
3906,1434,False
3041,1435,False
916,1435,False
1812,1435,False
1495,1435,False
394,1436,False
2019,1436,False
3073,1437,False
2906,1438,False
917,1438,False
1838,1439,False
3582,1440,False
877,1441,False
3754,1442,False
3079,1442,False
917,1443,False
4004,1444,False
802,1445,False
1915,1446,False
3654,1447,False
617,1447,False
1612,1448,False
2915,1449,False
182,1449,False
3781,1449,False
766,1450,False
2498,1451,False
2563,1451,False
1732,1451,False
854,1451,False
2827,1452,False
2055,1453,False
326,1453,False
297,1454,False
2891,1456,False
3185,1456,False
3621,1457,False
1323,1458,False
1065,1459,False
220,1459,False
116,1459,False
3199,1459,False
3577,1460,False
1015,1460,False
1784,1461,False
2402,1462,False
2404,1463,False
1681,1464,False
889,1465,False
2221,1466,False
631,1467,False
1818,1468,False
3285,1469,False
3660,1469,False
3337,1469,False
2553,1469,False
591,1470,False
4131,1471,False
3577,1472,False
1015,1472,False
3111,1473,False
1707,1474,False
785,1475,False
1995,1475,False
1709,1475,False
80,1476,False
236,1477,False
1765,1478,False
1939,1479,False
1894,1479,False
543,1479,False
931,1480,False
2541,1480,False
838,1481,False
3580,1482,False
875,1483,False
996,1484,False
3202,1485,False
3340,1486,False
3000,1487,False
2925,1488,False
3800,1488,False
3790,1489,False
493,1490,False
2361,1491,False
430,1491,False
2859,1492,False
1193,1493,False
2488,1494,False
662,1494,False
430,1495,False
3034,1495,False
53,1496,False
782,1496,False
2226,1496,False
2935,1497,False
2524,1497,False
3145,1498,False
3815,1499,False
3097,1500,False
2136,1501,False
3856,1502,False
1380,1503,False
2732,1503,False
665,1504,False
479,1505,False
1310,1506,False
2906,1506,False
3960,1507,False
1868,1508,False
433,1509,False
658,1509,False
3833,1510,False
3496,1511,False
3580,1511,False
356,1512,False
3073,1513,False
3145,1514,False
2919,1515,False
1202,1516,False
424,1516,False
3042,1517,False
660,1518,False
3771,1519,False
938,1519,False
1275,1520,False
3893,1521,False
1798,1521,False
946,1521,False
1249,1521,False
2553,1521,False
2575,1521,False
1123,1522,False
2403,1523,False
1488,1524,False
457,1525,False
2621,1525,False
2851,1525,False
2811,1526,False
4193,1527,False
3324,1528,False
1354,1528,False
416,1530,False
3525,1531,False
3684,1532,False
1716,1532,False
3583,1533,False
1511,1534,False
3890,1535,False
2175,1536,False
2879,1537,False
3151,1538,False
1193,1539,False
2740,1540,False
3412,1542,False
2171,1542,False
1532,1543,False
1939,1544,False
3142,1545,False
3849,1546,False
2026,1546,False
2760,1547,False
2622,1548,False
212,1549,False
1754,1550,False
2003,1551,False
3062,1552,False
3061,1553,False
3800,1554,False
2925,1554,False
1688,1555,False
4072,1556,False
3904,1556,False
409,1557,False
2846,1557,False
1952,1558,False
3937,1558,False
256,1558,False
926,1558,False
3841,1558,False
2502,1559,False
665,1560,False
3946,1560,False
2629,1560,False
1915,1561,False
2953,1562,False
3589,1562,False
1861,1563,False
4280,1564,False
2609,1564,False
652,1565,False
3151,1566,False
2485,1566,False
2254,1567,False
2508,1568,False
1004,1569,False
470,1570,False
609,1571,False
2263,1571,False
1952,1572,False
3937,1572,False
2584,1572,False
48,1573,False
3488,1573,False
1532,1574,False
3808,1575,False
1681,1575,False
3559,1576,False
915,1576,False
356,1577,False
444,1578,False
3937,1579,False
3841,1579,False
3780,1580,False
3208,1581,False
3270,1581,False
1801,1581,False
917,1582,False
1797,1583,False
307,1583,False
1193,1584,False
3795,1585,False
502,1586,False
3964,1586,False
2327,1587,False
1750,1588,False
2892,1588,False
3098,1589,False
473,1590,False
2191,1590,False
2501,1590,False
1792,1590,False
1657,1591,False
1951,1591,False
379,1592,False
675,1592,False
3075,1592,False
1947,1593,False
674,1593,False
2489,1594,False
2306,1595,False
208,1596,False
1644,1597,False
1385,1597,False
310,1597,False
1994,1598,False
4116,1599,False
1568,1600,False
886,1600,False
3805,1600,False
930,1601,False
430,1602,False
3191,1603,False
490,1603,False
969,1604,False
564,1605,False
3379,1605,False
2035,1605,False
1492,1605,False
3936,1605,False
1808,1606,False
448,1607,False
3123,1608,False
549,1609,False
2518,1610,False
2641,1610,False
622,1611,False
3936,1612,False
3833,1613,False
561,1614,False
3849,1614,False
3075,1615,False
2518,1616,False
705,1617,False
3684,1618,False
3896,1619,False
265,1620,False
553,1621,False
4031,1623,False
2175,1623,False
654,1624,False
2317,1625,False
448,1625,False
2740,1626,False
1819,1626,False
593,1627,False
677,1628,False
1361,1629,False
1816,1629,False
3423,1630,False
1657,1630,False
806,1630,False
3616,1631,False
2508,1632,False
1713,1633,False
1613,1634,False
1509,1635,False
2919,1636,False
156,1637,False
1382,1638,False
3285,1639,False
3660,1639,False
3337,1639,False
2553,1639,False
3021,1640,False
2035,1641,False
1886,1641,False
1262,1642,False
1947,1643,False
674,1643,False
256,1644,False
2584,1644,False
2962,1645,False
3936,1645,False
3546,1646,False
2211,1647,False
3066,1648,False
484,1649,False
1819,1650,False
2827,1651,False
3376,1652,False
3942,1652,False
487,1652,False
806,1653,False
269,1655,False
1947,1656,False
2397,1656,False
1701,1657,False
2819,1658,False
3896,1659,False
2632,1659,False
315,1660,False
1242,1661,False
1868,1662,False
1698,1663,False
1939,1664,False
66,1665,False
3080,1666,False
306,1667,False
147,1668,False
2822,1668,False
4258,1668,False
3270,1669,False
267,1670,False
3074,1671,False
2559,1672,False
2533,1673,False
992,1673,False
1788,1674,False
1820,1675,False
1787,1676,False
395,1677,False
3038,1678,False
654,1679,False
3127,1680,False
2483,1681,False
3828,1681,False
3750,1682,False
662,1683,False
2488,1683,False
1612,1684,False
2807,1685,False
3123,1686,False
3041,1687,False
315,1688,False
4108,1689,False
1740,1690,False
3968,1691,False
4187,1691,False
569,1692,False
2822,1693,False
646,1694,False
1508,1694,False
2502,1695,False
921,1696,False
1487,1697,False
2847,1697,False
1503,1698,False
2173,1699,False
768,1700,False
3135,1700,False
2086,1700,False
920,1701,False
1211,1702,False
2326,1703,False
922,1704,False
4030,1704,False
3389,1704,False
1518,1705,False
1789,1706,False
1462,1707,False
1795,1707,False
2640,1707,False
3142,1708,False
2618,1709,False
895,1710,False
1826,1711,False
1855,1712,False
3839,1713,False
4108,1714,False
3012,1715,False
2013,1716,False
1676,1716,False
242,1717,False
267,1717,False
2505,1718,False
269,1719,False
3437,1719,False
2534,1720,False
2640,1721,False
424,1722,False
2989,1722,False
1721,1723,False
326,1724,False
2055,1724,False
2213,1725,False
2953,1727,False
3589,1727,False
472,1728,False
107,1729,False
2114,1730,False
3964,1730,False
3813,1731,False
1693,1732,False
2122,1733,False
946,1733,False
46,1734,False
2824,1735,False
3510,1736,False
2824,1737,False
3546,1738,False
549,1738,False
1715,1739,False
3606,1740,False
2620,1740,False
2540,1741,False
2628,1741,False
3036,1741,False
493,1742,False
933,1743,False
923,1744,False
2432,1746,False
1932,1747,False
2631,1747,False
2790,1748,False
652,1749,False
3510,1750,False
3992,1751,False
1761,1751,False
374,1752,False
3587,1752,False
1325,1753,False
3412,1754,False
2171,1754,False
180,1755,False
2345,1756,False
2321,1756,False
900,1757,False
1551,1758,False
56,1759,False
534,1760,False
3391,1760,False
3612,1760,False
1010,1760,False
3810,1760,False
940,1761,False
3834,1762,False
212,1763,False
2323,1764,False
4308,1765,False
237,1765,False
2268,1766,False
2427,1767,False
2957,1768,False
3052,1768,False
4044,1769,False
1165,1769,False
85,1770,False
1293,1771,False
3012,1772,False
3793,1773,False
298,1774,False
3819,1775,False
2277,1776,False
1709,1776,False
3820,1776,False
921,1777,False
1575,1778,False
1222,1779,False
2632,1780,False
2140,1781,False
3484,1782,False
2876,1783,False
2267,1784,False
1939,1785,False
4115,1786,False
2388,1787,False
3750,1788,False
390,1789,False
2596,1790,False
938,1790,False
1487,1790,False
4226,1791,False
1793,1791,False
1222,1792,False
907,1793,False
2492,1794,False
461,1795,False
182,1796,False
3781,1796,False
2915,1796,False
1702,1797,False
3827,1798,False
2602,1799,False
3577,1800,False
2226,1801,False
4313,1802,False
2630,1803,False
1390,1804,False
367,1804,False
3129,1804,False
4263,1805,False
3337,1805,False
242,1806,False
267,1806,False
417,1807,False
62,1809,False
248,1809,False
3489,1809,False
897,1809,False
2553,1809,False
2575,1809,False
1812,1810,False
2422,1811,False
1508,1811,False
359,1812,False
2847,1813,False
3950,1814,False
3913,1815,False
3070,1815,False
1767,1815,False
2852,1816,False
1191,1817,False
1377,1817,False
655,1818,False
996,1819,False
1393,1820,False
3337,1820,False
3612,1821,False
3563,1822,False
598,1822,False
784,1822,False
4305,1822,False
3285,1823,False
1119,1823,False
1200,1824,False
3046,1824,False
1939,1825,False
838,1826,False
2923,1827,False
1574,1828,False
2071,1828,False
4181,1829,False
565,1829,False
2918,1829,False
3820,1829,False
484,1830,False
847,1831,False
3803,1831,False
1124,1832,False
1688,1832,False
1811,1833,False
231,1834,False
3412,1835,False
2171,1835,False
3715,1836,False
2849,1837,False
52,1838,False
1689,1838,False
4097,1839,False
1053,1840,False
2875,1841,False
3671,1841,False
2962,1841,False
3573,1841,False
2827,1842,False
863,1842,False
3418,1843,False
3142,1843,False
665,1844,False
3946,1844,False
2192,1845,False
3012,1846,False
593,1847,False
2499,1848,False
2314,1849,False
665,1850,False
3260,1851,False
2395,1852,False
2783,1853,False
1653,1854,False
3987,1854,False
122,1854,False
2180,1854,False
3202,1855,False
2724,1856,False
1277,1856,False
3151,1857,False
2260,1858,False
3567,1858,False
2724,1859,False
1277,1859,False
3038,1860,False
2666,1861,False
662,1862,False
4001,1863,False
3074,1864,False
3032,1864,False
2852,1864,False
3200,1865,False
307,1866,False
2031,1867,False
1138,1867,False
3924,1868,False
2171,1868,False
3735,1869,False
1818,1870,False
1730,1871,False
1710,1872,False
2482,1873,False
731,1874,False
261,1874,False
85,1875,False
2313,1876,False
153,1876,False
257,1877,False
916,1877,False
3700,1878,False
931,1879,False
2114,1880,False
3964,1880,False
445,1880,False
2403,1881,False
3864,1882,False
2667,1882,False
3206,1882,False
3532,1882,False
3919,1883,False
2953,1884,False
1277,1885,False
2328,1886,False
2891,1887,False
3185,1887,False
2267,1888,False
2289,1889,False
4179,1890,False
542,1890,False
2807,1891,False
3979,1892,False
866,1892,False
1095,1893,False
3615,1894,False
3856,1895,False
284,1896,False
999,1896,False
2346,1897,False
3125,1897,False
2740,1898,False
4,1899,False
2732,1900,False
3079,1901,False
1321,1901,False
1385,1901,False
2026,1902,False
3849,1902,False
2541,1903,False
1202,1904,False
2488,1905,False
3833,1906,False
2843,1907,False
916,1908,False
254,1909,False
2834,1909,False
3056,1910,False
3422,1911,False
731,1911,False
999,1911,False
693,1912,False
3268,1913,False
103,1914,False
4168,1915,False
1706,1916,False
865,1917,False
982,1918,False
2630,1919,False
907,1921,False
3012,1922,False
3935,1923,False
2827,1924,False
3734,1925,False
3607,1925,False
2966,1925,False
4226,1926,False
458,1926,False
1326,1927,False
440,1927,False
1210,1928,False
3073,1929,False
2255,1930,False
1995,1931,False
1717,1931,False
889,1932,False
3453,1933,False
3063,1934,False
475,1935,False
431,1935,False
1124,1936,False
1688,1936,False
3623,1937,False
317,1937,False
2584,1938,False
3800,1939,False
4050,1940,False
3340,1940,False
1708,1940,False
363,1941,False
2740,1942,False
1819,1942,False
3813,1943,False
2833,1944,False
1821,1945,False
3129,1946,False
3879,1947,False
1747,1947,False
1657,1949,False
1476,1950,False
2468,1951,False
66,1951,False
2507,1952,False
2571,1953,False
662,1954,False
467,1955,False
3268,1955,False
2485,1956,False
3151,1956,False
2597,1957,False
934,1958,False
3598,1958,False
1200,1959,False
3046,1959,False
2740,1960,False
1819,1960,False
1087,1961,False
109,1961,False
1698,1962,False
3519,1963,False
1030,1964,False
348,1964,False
3792,1965,False
1293,1966,False
48,1967,False
1701,1968,False
130,1969,False
655,1970,False
3142,1971,False
1820,1972,False
767,1973,False
1801,1973,False
315,1974,False
2321,1975,False
1613,1976,False
3935,1977,False
3453,1978,False
3199,1979,False
2555,1980,False
1485,1981,False
1695,1981,False
256,1981,False
3081,1981,False
2754,1981,False
3412,1982,False
2171,1982,False
2824,1982,False
3793,1983,False
553,1984,False
2369,1985,False
3056,1986,False
3800,1987,False
2925,1987,False
3440,1988,False
780,1989,False
2491,1990,False
4123,1991,False
135,1992,False
3937,1992,False
2754,1992,False
1240,1993,False
2681,1994,False
2305,1994,False
587,1994,False
1461,1994,False
3832,1994,False
863,1995,False
3946,1995,False
1803,1996,False
565,1997,False
2354,1998,False
677,1998,False
3145,1999,False
1868,2000,False
895,2001,False
4293,2002,False
3064,2003,False
2472,2004,False
2513,2004,False
1960,2005,False
1123,2005,False
2632,2006,False
3073,2007,False
326,2008,False
2055,2008,False
3937,2009,False
1693,2010,False
1715,2011,False
827,2012,False
1699,2013,False
3800,2014,False
2925,2014,False
3897,2015,False
1699,2015,False
665,2016,False
3946,2016,False
3430,2017,False
1551,2018,False
3579,2019,False
4097,2020,False
3891,2021,False
3828,2021,False
3064,2022,False
2328,2023,False
4263,2024,False
3337,2024,False
2728,2025,False
1789,2025,False
1885,2026,False
2849,2027,False
4263,2028,False
3337,2028,False
3919,2029,False
46,2029,False
4293,2030,False
3859,2031,False
2345,2032,False
2321,2032,False
1818,2033,False
2740,2034,False
1819,2034,False
3613,2035,False
2819,2035,False
2391,2036,False
3719,2036,False
2735,2036,False
415,2037,False
3053,2037,False
3882,2037,False
3836,2037,False
547,2038,False
913,2038,False
1615,2039,False
991,2039,False
3925,2040,False
2189,2041,False
3925,2041,False
394,2042,False
2019,2042,False
1574,2043,False
2071,2043,False
2514,2044,False
4280,2045,False
2609,2045,False
92,2046,False
2329,2047,False
652,2048,False
2213,2049,False
2809,2050,False
2237,2051,False
2507,2052,False
3012,2053,False
3784,2054,False
932,2055,False
432,2056,False
479,2057,False
2524,2058,False
2740,2059,False
1819,2059,False
1411,2060,False
429,2061,False
1742,2062,False
2329,2063,False
2331,2064,False
3777,2064,False
2122,2065,False
4072,2067,False
3904,2067,False
3270,2068,False
94,2069,False
1793,2069,False
3111,2070,False
2237,2071,False
2489,2071,False
3185,2072,False
4030,2072,False
1466,2073,False
3700,2074,False
889,2075,False
3464,2076,False
3687,2076,False
3919,2077,False
3066,2078,False
587,2079,False
1461,2079,False
895,2079,False
922,2080,False
3039,2081,False
1199,2082,False
2563,2083,False
889,2084,False
2399,2085,False
3038,2086,False
931,2087,False
445,2088,False
3143,2089,False
2681,2090,False
4308,2091,False
237,2091,False
484,2092,False
1960,2093,False
289,2094,False
3924,2095,False
2171,2095,False
4,2096,False
3192,2097,False
2834,2097,False
931,2098,False
1191,2099,False
1277,2099,False
2824,2100,False
395,2101,False
3482,2101,False
2482,2102,False
2203,2103,False
1957,2104,False
2079,2104,False
3330,2104,False
1567,2104,False
1286,2104,False
939,2104,False
1326,2105,False
440,2105,False
386,2106,False
3910,2106,False
3340,2107,False
2629,2108,False
1732,2109,False
1036,2110,False
3968,2111,False
4187,2111,False
2033,2112,False
652,2112,False
681,2113,False
2395,2114,False
4293,2115,False
3613,2116,False
2305,2117,False
587,2117,False
4108,2118,False
2330,2119,False
2076,2120,False
1951,2120,False
1657,2121,False
52,2122,False
1689,2122,False
272,2123,False
2822,2124,False
1515,2125,False
1772,2125,False
28,2125,False
238,2125,False
1006,2126,False
1025,2126,False
1790,2126,False
827,2127,False
269,2128,False
1030,2129,False
1895,2129,False
154,2130,False
1568,2131,False
886,2131,False
3805,2131,False
1800,2132,False
182,2132,False
882,2132,False
386,2132,False
642,2132,False
3007,2133,False
374,2134,False
4057,2134,False
3960,2135,False
3151,2136,False
2314,2137,False
48,2138,False
1515,2139,False
3621,2139,False
4149,2140,False
1265,2141,False
372,2141,False
812,2142,False
2534,2143,False
1616,2144,False
655,2145,False
4113,2146,False
1563,2147,False
1455,2148,False
380,2148,False
2468,2149,False
66,2149,False
2422,2150,False
3058,2150,False
2109,2151,False
629,2152,False
2013,2152,False
1676,2152,False
2843,2153,False
3391,2154,False
673,2154,False
2488,2155,False
3754,2156,False
796,2156,False
4064,2157,False
1735,2157,False
3285,2158,False
1119,2158,False
3111,2159,False
2740,2160,False
1819,2160,False
2610,2161,False
4221,2161,False
3047,2161,False
1792,2161,False
2180,2162,False
2575,2162,False
290,2163,False
1030,2164,False
2033,2164,False
3482,2164,False
348,2164,False
4057,2165,False
652,2166,False
3145,2167,False
2086,2168,False
517,2169,False
2735,2170,False
2362,2171,False
4294,2172,False
1313,2173,False
1502,2173,False
81,2174,False
1721,2175,False
3813,2176,False
380,2177,False
847,2178,False
1275,2179,False
3243,2179,False
827,2180,False
1709,2181,False
1748,2181,False
3204,2182,False
2472,2182,False
3567,2182,False
3080,2182,False
1855,2183,False
1739,2184,False
1815,2185,False
1803,2186,False
2834,2187,False
2802,2188,False
3772,2189,False
1354,2190,False
1742,2190,False
2823,2191,False
866,2192,False
895,2193,False
617,2194,False
1568,2195,False
3906,2195,False
1788,2196,False
297,2197,False
2852,2198,False
3806,2199,False
705,2200,False
2300,2201,False
1735,2201,False
395,2202,False
3482,2202,False
3088,2203,False
674,2204,False
2122,2205,False
3897,2205,False
916,2206,False
2597,2207,False
1326,2209,False
2783,2210,False
3808,2211,False
1681,2211,False
2636,2212,False
2681,2213,False
2417,2213,False
1461,2213,False
548,2213,False
3838,2213,False
3819,2213,False
4168,2214,False
1782,2214,False
1716,2215,False
2849,2216,False
1004,2217,False
3269,2217,False
1575,2218,False
1871,2219,False
2246,2219,False
2631,2219,False
2788,2219,False
4072,2220,False
3904,2220,False
865,2221,False
170,2222,False
2331,2222,False
3777,2222,False
889,2223,False
1705,2225,False
2626,2226,False
940,2227,False
2488,2228,False
2402,2229,False
4116,2230,False
2356,2231,False
2287,2231,False
1364,2232,False
2662,2233,False
3042,2234,False
3081,2234,False
3546,2235,False
775,2235,False
584,2236,False
2108,2236,False
2724,2236,False
3815,2237,False
1710,2238,False
932,2239,False
2724,2240,False
1277,2240,False
2609,2241,False
865,2242,False
2075,2243,False
356,2243,False
3185,2243,False
4030,2243,False
748,2244,False
3785,2245,False
923,2246,False
1485,2247,False
2708,2248,False
2953,2249,False
3589,2249,False
38,2250,False
53,2250,False
782,2250,False
2293,2250,False
1249,2250,False
1321,2250,False
1939,2251,False
3167,2252,False
1783,2253,False
3825,2253,False
208,2254,False
1952,2255,False
4301,2256,False
2906,2257,False
917,2257,False
907,2258,False
4047,2259,False
639,2259,False
4179,2259,False
2226,2259,False
2380,2259,False
3510,2259,False
1795,2260,False
1841,2261,False
3270,2262,False
2403,2263,False
2395,2264,False
609,2265,False
1715,2265,False
2456,2266,False
37,2266,False
930,2266,False
3076,2266,False
559,2266,False
3815,2266,False
1830,2266,False
1093,2267,False
2191,2268,False
263,2269,False
1715,2269,False
705,2270,False
676,2271,False
2488,2272,False
1749,2273,False
1558,2274,False
3827,2274,False
4157,2275,False
1793,2276,False
2192,2277,False
2499,2278,False
231,2279,False
2514,2280,False
2534,2281,False
2492,2282,False
3270,2283,False
3484,2284,False
683,2285,False
1759,2287,False
1026,2288,False
1385,2289,False
3201,2290,False
4221,2291,False
3822,2291,False
326,2292,False
2055,2292,False
1158,2293,False
1799,2293,False
921,2293,False
1714,2293,False
2584,2293,False
3917,2294,False
2534,2295,False
1563,2296,False
1606,2297,False
865,2297,False
826,2297,False
660,2297,False
3237,2298,False
2304,2298,False
3192,2298,False
3008,2298,False
863,2299,False
3946,2299,False
2192,2300,False
1732,2301,False
3719,2302,False
1761,2303,False
673,2304,False
3890,2304,False
1508,2305,False
46,2306,False
1886,2307,False
3587,2307,False
1782,2308,False
2402,2309,False
1708,2310,False
2559,2311,False
3820,2312,False
1671,2313,False
2618,2313,False
3178,2314,False
2267,2315,False
827,2315,False
3563,2316,False
2620,2317,False
374,2317,False
3587,2317,False
3062,2318,False
3781,2319,False
1705,2319,False
665,2320,False
3946,2320,False
1894,2321,False
543,2321,False
1939,2321,False
1744,2322,False
2015,2323,False
3963,2324,False
3628,2324,False
1521,2324,False
2663,2325,False
3660,2326,False
3337,2326,False
2540,2327,False
2628,2327,False
3036,2327,False
654,2328,False
485,2328,False
247,2329,False
1236,2329,False
526,2329,False
1706,2329,False
3572,2330,False
1797,2331,False
895,2332,False
2190,2333,False
356,2333,False
2783,2335,False
665,2336,False
3946,2336,False
2629,2336,False
693,2337,False
3197,2338,False
1612,2339,False
3078,2340,False
946,2340,False
3079,2340,False
331,2341,False
444,2341,False
3389,2342,False
4030,2342,False
922,2342,False
2841,2343,False
2361,2344,False
675,2345,False
3193,2346,False
3046,2347,False
655,2347,False
2636,2348,False
3012,2349,False
3379,2350,False
923,2350,False
3270,2351,False
1511,2352,False
1619,2353,False
1708,2353,False
367,2354,False
2584,2355,False
2459,2356,False
706,2357,False
1657,2358,False
1951,2358,False
2953,2359,False
2263,2360,False
3246,2361,False
279,2361,False
3606,2361,False
3771,2361,False
4097,2361,False
2388,2361,False
1728,2362,False
3151,2363,False
4115,2364,False
4297,2365,False
2759,2365,False
1093,2367,False
472,2368,False
379,2369,False
675,2369,False
875,2369,False
3651,2370,False
947,2371,False
3960,2372,False
374,2373,False
3587,2373,False
3015,2374,False
2070,2374,False
3144,2374,False
2729,2375,False
1495,2375,False
317,2376,False
3007,2377,False
3088,2378,False
1319,2378,False
2848,2379,False
1605,2380,False
2534,2381,False
1613,2382,False
3149,2383,False
969,2384,False
2629,2385,False
1523,2386,False
3587,2387,False
2509,2388,False
3061,2388,False
1715,2388,False
1797,2389,False
307,2389,False
432,2390,False
940,2391,False
534,2392,False
56,2393,False
3896,2393,False
3525,2394,False
424,2395,False
1093,2397,False
1380,2397,False
3285,2397,False
1119,2397,False
835,2397,False
3353,2398,False
1852,2399,False
4232,2399,False
2432,2399,False
3041,2400,False
982,2401,False
662,2402,False
2488,2402,False
2997,2403,False
2053,2404,False
3534,2404,False
2019,2404,False
1808,2404,False
705,2405,False
2823,2406,False
1085,2407,False
1719,2408,False
984,2409,False
1670,2409,False
1549,2410,False
3735,2411,False
1085,2412,False
3053,2413,False
3836,2413,False
2802,2414,False
3771,2415,False
938,2415,False
4297,2416,False
502,2417,False
1319,2417,False
2293,2417,False
2180,2417,False
4046,2418,False
3489,2419,False
4026,2419,False
652,2420,False
3583,2421,False
749,2422,False
2035,2423,False
1886,2423,False
2643,2424,False
3963,2424,False
493,2425,False
3062,2426,False
3434,2427,False
2621,2428,False
3438,2429,False
1393,2429,False
2400,2430,False
2534,2431,False
276,2432,False
3438,2432,False
2514,2433,False
1596,2434,False
2492,2435,False
3754,2436,False
3079,2436,False
992,2437,False
227,2438,False
281,2439,False
2076,2440,False
3111,2441,False
3136,2442,False
1698,2442,False
705,2443,False
3856,2444,False
1708,2445,False
390,2446,False
4280,2447,False
2609,2447,False
231,2448,False
45,2449,False
2211,2450,False
3151,2451,False
56,2452,False
1045,2453,False
2498,2454,False
854,2454,False
3432,2455,False
3142,2456,False
3418,2456,False
3583,2457,False
365,2458,False
3808,2459,False
4221,2460,False
1792,2460,False
3822,2460,False
1800,2461,False
757,2462,False
2606,2462,False
3131,2463,False
2796,2464,False
969,2465,False
798,2466,False
3719,2467,False
3204,2467,False
2919,2467,False
3185,2468,False
4030,2468,False
1797,2469,False
3984,2471,False
3849,2471,False
3488,2472,False
2372,2472,False
425,2473,False
780,2473,False
593,2473,False
3819,2474,False
3582,2476,False
2400,2478,False
3309,2479,False
3572,2480,False
1485,2481,False
854,2482,False
1767,2482,False
4293,2483,False
3438,2484,False
1393,2484,False
674,2485,False
2013,2486,False
1676,2486,False
236,2487,False
1739,2488,False
3793,2489,False
2587,2490,False
1668,2490,False
791,2490,False
1323,2490,False
82,2490,False
446,2490,False
1714,2490,False
2534,2491,False
2033,2491,False
307,2492,False
348,2493,False
3482,2493,False
2033,2493,False
1030,2493,False
947,2494,False
2402,2495,False
17,2496,False
2192,2497,False
269,2498,False
3910,2499,False
2456,2500,False
37,2500,False
916,2500,False
2790,2501,False
1701,2502,False
2136,2503,False
2075,2504,False
1816,2504,False
2740,2505,False
1819,2505,False
1611,2506,False
1681,2506,False
1172,2507,False
549,2508,False
2622,2509,False
4172,2510,False
359,2511,False
2514,2512,False
432,2513,False
2802,2514,False
359,2515,False
1793,2516,False
1120,2517,False
1012,2517,False
1732,2518,False
3800,2519,False
2925,2519,False
1080,2520,False
3453,2521,False
1915,2522,False
3931,2523,False
1951,2523,False
3082,2523,False
3479,2524,False
1742,2524,False
2362,2525,False
2213,2526,False
1242,2527,False
3883,2528,False
1912,2528,False
458,2528,False
2803,2528,False
3816,2529,False
2402,2530,False
2338,2531,False
1807,2531,False
4306,2532,False
731,2532,False
3484,2533,False
195,2534,False
2663,2535,False
4301,2536,False
882,2536,False
642,2536,False
3042,2537,False
1668,2539,False
947,2540,False
1818,2541,False
931,2543,False
2852,2544,False
1191,2545,False
4113,2546,False
3855,2547,False
129,2548,False
1093,2549,False
1380,2549,False
3285,2549,False
1119,2549,False
835,2549,False
2015,2550,False
886,2551,False
3587,2552,False
3845,2553,False
3524,2554,False
394,2555,False
2019,2555,False
3047,2555,False
665,2556,False
2632,2557,False
272,2558,False
3576,2559,False
3703,2560,False
1608,2560,False
4101,2560,False
1783,2561,False
1947,2562,False
1717,2563,False
3834,2563,False
2991,2563,False
3902,2563,False
3580,2564,False
3496,2564,False
3269,2565,False
1004,2565,False
2942,2566,False
915,2567,False
1812,2567,False
1871,2568,False
94,2568,False
271,2569,False
918,2570,False
4200,2571,False
2071,2571,False
2507,2572,False
2326,2573,False
3660,2574,False
3337,2574,False
1698,2575,False
2086,2576,False
2700,2577,False
3834,2577,False
32,2578,False
931,2579,False
3412,2580,False
3910,2582,False
4093,2583,False
429,2584,False
2735,2585,False
915,2586,False
3478,2587,False
3389,2588,False
4030,2588,False
922,2588,False
4314,2589,False
367,2589,False
1487,2590,False
3800,2591,False
2925,2591,False
1878,2592,False
565,2593,False
716,2593,False
900,2593,False
2966,2594,False
2254,2595,False
1390,2596,False
367,2596,False
3129,2596,False
923,2597,False
3827,2598,False
2227,2599,False
2131,2599,False
1800,2600,False
2400,2601,False
3368,2602,False
1715,2602,False
2427,2603,False
866,2604,False
38,2605,False
53,2605,False
782,2605,False
2293,2605,False
1249,2605,False
1321,2605,False
2760,2606,False
90,2607,False
1558,2607,False
2237,2608,False
2489,2608,False
2563,2609,False
37,2610,False
542,2611,False
2640,2612,False
2329,2613,False
3412,2614,False
1551,2614,False
795,2615,False
2491,2616,False
273,2617,False
857,2618,False
257,2618,False
444,2618,False
1123,2619,False
1768,2620,False
3389,2621,False
4030,2621,False
922,2621,False
3687,2622,False
416,2622,False
1240,2623,False
1768,2624,False
1797,2625,False
3785,2626,False
4314,2627,False
367,2627,False
4108,2628,False
3391,2629,False
1010,2629,False
2918,2630,False
3526,2630,False
4072,2631,False
3904,2631,False
3839,2632,False
3830,2633,False
2606,2634,False
1800,2635,False
2817,2635,False
1015,2636,False
3577,2636,False
3427,2637,False
2809,2637,False
1208,2638,False
37,2638,False
2541,2639,False
386,2640,False
642,2640,False
182,2640,False
882,2640,False
1800,2640,False
2921,2641,False
2362,2641,False
690,2642,False
897,2643,False
3510,2643,False
3813,2643,False
326,2644,False
2055,2644,False
3784,2645,False
3792,2646,False
307,2647,False
564,2648,False
3379,2648,False
2035,2648,False
1492,2648,False
3936,2648,False
2838,2649,False
641,2649,False
2876,2650,False
622,2651,False
1715,2652,False
3646,2653,False
1414,2654,False
1240,2655,False
1532,2656,False
917,2657,False
2571,2658,False
2953,2659,False
1551,2660,False
2083,2661,False
3671,2662,False
482,2662,False
2618,2662,False
2790,2663,False
3207,2664,False
2422,2665,False
424,2666,False
1750,2667,False
3269,2667,False
981,2668,False
3438,2668,False
3323,2669,False
1613,2670,False
654,2671,False
485,2671,False
1085,2672,False
1701,2673,False
4160,2674,False
1742,2674,False
3845,2675,False
3142,2676,False
1120,2677,False
3750,2677,False
2858,2677,False
3771,2678,False
938,2678,False
665,2679,False
3946,2679,False
1093,2680,False
1380,2680,False
835,2680,False
3813,2681,False
273,2682,False
493,2683,False
2775,2684,False
3149,2685,False
2306,2686,False
416,2687,False
3735,2688,False
2402,2689,False
2499,2690,False
265,2691,False
2953,2692,False
3589,2692,False
3705,2693,False
1609,2693,False
1597,2693,False
3622,2693,False
4102,2693,False
1759,2694,False
2397,2695,False
3834,2695,False
2994,2695,False
2991,2695,False
932,2696,False
1172,2697,False
180,2698,False
4149,2699,False
1993,2700,False
2343,2700,False
331,2701,False
866,2701,False
3803,2701,False
2213,2702,False
1796,2703,False
1719,2704,False
2626,2705,False
2726,2706,False
1739,2706,False
821,2707,False
1749,2708,False
1202,2709,False
1716,2709,False
681,2710,False
1511,2710,False
154,2711,False
895,2711,False
1124,2712,False
2848,2712,False
3250,2713,False
4057,2713,False
367,2713,False
1801,2713,False
3841,2714,False
3260,2715,False
2122,2716,False
4311,2717,False
2498,2717,False
854,2717,False
2003,2718,False
549,2718,False
1495,2718,False
2788,2718,False
231,2719,False
359,2720,False
999,2720,False
1742,2721,False
3811,2721,False
1558,2722,False
2345,2723,False
1738,2723,False
432,2724,False
2730,2725,False
1084,2725,False
3715,2725,False
3078,2725,False
1319,2725,False
2180,2725,False
1754,2726,False
1803,2727,False
2626,2728,False
2492,2729,False
326,2730,False
2055,2730,False
3418,2731,False
3142,2731,False
3818,2732,False
2906,2733,False
917,2733,False
4097,2734,False
448,2735,False
1085,2736,False
1869,2737,False
385,2738,False
3917,2739,False
3919,2740,False
780,2741,False
3497,2742,False
2555,2743,False
3613,2744,False
2513,2745,False
996,2745,False
901,2746,False
3577,2747,False
1876,2748,False
2297,2749,False
242,2750,False
267,2750,False
433,2751,False
658,2751,False
1815,2752,False
1516,2753,False
2623,2753,False
1736,2754,False
796,2755,False
2013,2756,False
1676,2756,False
2843,2757,False
1502,2758,False
2854,2759,False
56,2760,False
2505,2761,False
2404,2762,False
3992,2763,False
3127,2764,False
1732,2765,False
3142,2766,False
1472,2767,False
1613,2768,False
3785,2769,False
1231,2770,False
3838,2770,False
2876,2771,False
1939,2772,False
665,2773,False
3946,2773,False
3519,2774,False
2957,2775,False
2035,2776,False
1886,2776,False
4017,2777,False
3340,2777,False
1472,2778,False
1124,2779,False
581,2779,False
3379,2780,False
910,2780,False
2843,2781,False
258,2782,False
2114,2783,False
3964,2783,False
492,2784,False
1736,2785,False
3816,2786,False
795,2787,False
3442,2788,False
897,2788,False
258,2789,False
2075,2790,False
2640,2791,False
886,2792,False
362,2793,False
2604,2794,False
2534,2795,False
2033,2795,False
2427,2796,False
267,2797,False
1789,2798,False
2127,2799,False
1268,2799,False
1334,2799,False
3158,2799,False
591,2799,False
702,2800,False
2062,2801,False
2849,2802,False
1822,2803,False
1361,2804,False
3844,2804,False
1368,2805,False
2555,2805,False
2257,2806,False
372,2806,False
526,2807,False
3041,2808,False
1596,2809,False
857,2811,False
257,2811,False
444,2811,False
1759,2812,False
2395,2813,False
2740,2814,False
2033,2814,False
3008,2815,False
3192,2815,False
2304,2815,False
3237,2815,False
3942,2816,False
2427,2817,False
1216,2818,False
926,2819,False
2580,2820,False
4168,2821,False
2996,2822,False
2852,2823,False
624,2824,False
2592,2825,False
2518,2826,False
655,2827,False
236,2828,False
3813,2829,False
374,2830,False
2147,2831,False
2491,2831,False
3923,2831,False
2388,2833,False
3786,2833,False
865,2834,False
1764,2835,False
445,2836,False
152,2837,False
917,2838,False
3060,2839,False
1321,2840,False
991,2841,False
1689,2842,False
133,2842,False
2793,2843,False
3598,2844,False
897,2845,False
3510,2845,False
3813,2845,False
1477,2846,False
470,2847,False
3917,2848,False
2841,2849,False
363,2850,False
3715,2851,False
3111,2852,False
1466,2853,False
3064,2854,False
1575,2855,False
3083,2856,False
3412,2857,False
2171,2857,False
2664,2858,False
1084,2859,False
3088,2859,False
2096,2860,False
3171,2860,False
2534,2861,False
2190,2863,False
3870,2864,False
98,2864,False
1952,2865,False
257,2865,False
866,2865,False
2507,2865,False
4044,2866,False
1165,2866,False
785,2867,False
1995,2867,False
1709,2867,False
1124,2868,False
1688,2868,False
1730,2869,False
80,2870,False
2329,2870,False
458,2871,False
775,2872,False
3062,2872,False
2388,2873,False
488,2874,False
56,2875,False
2328,2876,False
2423,2876,False
1191,2877,False
3872,2877,False
2919,2877,False
487,2877,False
80,2878,False
565,2879,False
3037,2880,False
4226,2881,False
2003,2881,False
4157,2882,False
1468,2883,False
2125,2883,False
1795,2883,False
154,2884,False
2681,2884,False
2918,2884,False
1740,2884,False
2636,2885,False
3510,2886,False
4026,2886,False
3660,2886,False
175,2886,False
1701,2887,False
2237,2888,False
1821,2889,False
2833,2890,False
877,2891,False
433,2892,False
658,2892,False
3167,2893,False
2498,2894,False
2563,2894,False
1732,2894,False
854,2894,False
484,2895,False
3897,2896,False
3200,2897,False
2868,2897,False
1702,2897,False
514,2898,False
2708,2898,False
310,2898,False
1708,2899,False
1812,2900,False
2402,2901,False
3992,2902,False
2663,2902,False
805,2903,False
683,2904,False
1211,2905,False
3204,2905,False
386,2906,False
3260,2907,False
390,2908,False
1713,2909,False
1441,2910,False
1844,2910,False
2952,2910,False
2757,2910,False
3412,2911,False
2171,2911,False
2666,2912,False
768,2913,False
654,2914,False
706,2915,False
3391,2916,False
1558,2917,False
1741,2918,False
4048,2918,False
3032,2919,False
2852,2919,False
2211,2920,False
2629,2921,False
3207,2922,False
348,2923,False
1030,2923,False
1549,2924,False
4097,2925,False
917,2925,False
1053,2926,False
1822,2927,False
1165,2928,False
3038,2929,False
2459,2930,False
1873,2931,False
3144,2931,False
1093,2932,False
1380,2932,False
3285,2932,False
1119,2932,False
835,2932,False
3060,2933,False
2807,2934,False
775,2935,False
1210,2936,False
894,2937,False
3882,2937,False
1678,2938,False
2823,2939,False
2403,2940,False
4190,2941,False
3158,2941,False
961,2942,False
917,2943,False
2906,2943,False
642,2944,False
1800,2944,False
182,2944,False
882,2944,False
386,2944,False
4046,2945,False
1939,2946,False
430,2947,False
3754,2948,False
80,2949,False
4057,2950,False
374,2950,False
3167,2951,False
1822,2952,False
3815,2953,False
3131,2954,False
3151,2955,False
2485,2955,False
386,2956,False
903,2957,False
1715,2957,False
2847,2957,False
1730,2958,False
897,2959,False
3510,2959,False
3813,2959,False
1348,2960,False
718,1,True
2145,1,True
426,4,True
2746,15,True
1414,15,True
656,15,True
1379,24,True
426,27,True
4155,60,True
755,60,True
786,62,True
2068,63,True
1483,63,True
148,73,True
2301,79,True
2541,82,True
2927,86,True
3842,86,True
3255,86,True
2570,101,True
36,101,True
4226,102,True
984,102,True
1404,102,True
3823,102,True
723,102,True
2516,102,True
458,102,True
3819,112,True
586,116,True
1474,118,True
3156,120,True
2383,135,True
1323,136,True
3829,138,True
621,142,True
1196,145,True
1457,166,True
3034,171,True
4082,172,True
575,176,True
2558,176,True
4181,178,True
2157,184,True
1119,193,True
2301,209,True
1541,217,True
2017,220,True
1015,228,True
1752,232,True
426,251,True
4036,253,True
1372,254,True
743,259,True
2,265,True
3882,266,True
426,273,True
2688,286,True
913,287,True
1011,287,True
1745,289,True
3174,320,True
3304,320,True
1658,323,True
3189,325,True
2301,327,True
2301,333,True
1540,340,True
127,345,True
1931,358,True
987,358,True
1480,366,True
616,367,True
2860,371,True
79,377,True
2460,380,True
2958,384,True
1810,385,True
1372,393,True
2275,400,True
2950,408,True
2570,414,True
36,414,True
2478,426,True
1890,426,True
4133,426,True
699,426,True
1131,426,True
1752,434,True
3338,446,True
3869,446,True
3867,454,True
2542,455,True
2947,457,True
2303,463,True
4201,463,True
3700,467,True
420,480,True
1927,484,True
894,485,True
3882,485,True
196,487,True
1910,487,True
1352,496,True
1920,510,True
1810,518,True
4319,520,True
2301,528,True
3126,529,True
18,532,True
1330,532,True
3842,533,True
441,533,True
3317,541,True
1280,549,True
1480,549,True
1102,559,True
6,565,True
1119,571,True
608,584,True
892,590,True
3067,590,True
567,590,True
3709,594,True
426,598,True
1740,601,True
1810,603,True
2305,614,True
3235,622,True
3503,626,True
3836,628,True
1014,636,True
3842,640,True
2542,651,True
290,652,True
2229,658,True
3311,658,True
1463,667,True
4205,670,True
2946,671,True
1937,676,True
2418,676,True
1404,676,True
3479,676,True
3709,681,True
2136,692,True
2927,693,True
2500,695,True
210,695,True
3908,699,True
329,699,True
1379,706,True
154,712,True
2305,712,True
2681,712,True
3053,716,True
119,722,True
3819,731,True
2,736,True
2163,740,True
4279,740,True
4050,740,True
3779,740,True
1311,740,True
690,747,True
4098,750,True
2655,767,True
3838,767,True
746,772,True
349,776,True
3838,777,True
1628,781,True
3454,788,True
585,799,True
3716,817,True
2442,825,True
2846,829,True
3981,835,True
2945,844,True
1968,845,True
1474,848,True
608,851,True
4222,853,True
2199,860,True
1379,863,True
2129,865,True
2904,870,True
2275,873,True
1920,873,True
426,881,True
2136,884,True
2383,888,True
3820,891,True
953,894,True
3654,895,True
2136,900,True
2275,918,True
2857,922,True
2198,927,True
2123,931,True
3779,938,True
426,942,True
3863,949,True
2607,955,True
2437,959,True
590,960,True
4291,967,True
2591,969,True
3246,972,True
3425,975,True
1740,976,True
3711,983,True
2076,997,True
1053,997,True
258,997,True
3892,999,True
6,1000,True
2129,1021,True
1271,1030,True
235,1031,True
178,1034,True
1463,1039,True
724,1041,True
3541,1045,True
3235,1052,True
3789,1054,True
900,1060,True
2958,1061,True
719,1078,True
2301,1080,True
774,1084,True
3819,1097,True
2136,1099,True
2305,1100,True
426,1102,True
2741,1128,True
3819,1132,True
3169,1136,True
894,1137,True
2542,1158,True
2123,1158,True
3156,1159,True
3716,1161,True
719,1162,True
684,1162,True
565,1176,True
1810,1181,True
2242,1191,True
2570,1191,True
127,1195,True
719,1201,True
684,1201,True
1463,1220,True
3791,1221,True
3654,1231,True
1152,1235,True
154,1237,True
2305,1237,True
1323,1240,True
2527,1243,True
621,1249,True
2681,1250,True
2305,1250,True
1955,1259,True
504,1259,True
373,1259,True
3819,1264,True
2132,1287,True
1810,1288,True
3819,1289,True
4036,1290,True
565,1292,True
716,1292,True
3654,1293,True
1658,1297,True
1722,1302,True
4237,1308,True
4201,1308,True
2899,1311,True
621,1311,True
2541,1321,True
2899,1322,True
1080,1326,True
2541,1328,True
1480,1330,True
1480,1331,True
719,1333,True
684,1333,True
943,1338,True
1355,1346,True
1796,1353,True
900,1359,True
4098,1360,True
716,1362,True
2170,1373,True
504,1382,True
1037,1383,True
2103,1384,True
4181,1397,True
504,1403,True
3832,1412,True
621,1420,True
2275,1423,True
4096,1433,True
701,1434,True
426,1440,True
679,1455,True
2527,1463,True
4222,1464,True
1611,1464,True
2542,1469,True
2123,1469,True
4287,1475,True
1745,1478,True
2462,1482,True
3593,1485,True
1014,1496,True
3424,1499,True
3168,1500,True
575,1502,True
2558,1502,True
504,1509,True
1923,1513,True
1658,1519,True
2637,1525,True
548,1535,True
2506,1535,True
3165,1539,True
4275,1539,True
2136,1542,True
590,1543,True
858,1545,True
3126,1545,True
4319,1548,True
4020,1555,True
1931,1558,True
987,1558,True
87,1558,True
2675,1558,True
3842,1562,True
441,1562,True
88,1563,True
2442,1568,True
547,1594,True
2779,1610,True
3779,1624,True
1560,1625,True
3789,1631,True
2442,1632,True
716,1633,True
2542,1639,True
2123,1639,True
1213,1654,True
1480,1672,True
3509,1681,True
2942,1682,True
1463,1697,True
1810,1698,True
1307,1716,True
2129,1717,True
1102,1718,True
2927,1721,True
3842,1721,True
3255,1721,True
2655,1723,True
621,1723,True
548,1723,True
3867,1723,True
1740,1723,True
3842,1727,True
441,1727,True
197,1729,True
4099,1729,True
3126,1731,True
1427,1737,True
4226,1747,True
2136,1754,True
1553,1762,True
1670,1762,True
2650,1762,True
3981,1769,True
426,1782,True
1966,1787,True
3820,1803,True
1011,1803,True
3711,1818,True
3505,1824,True
2136,1835,True
1457,1843,True
2361,1851,True
936,1851,True
1752,1861,True
3791,1882,True
3842,1884,True
2927,1893,True
426,1912,True
547,1919,True
1011,1919,True
2305,1920,True
1559,1925,True
3882,1934,True
3836,1934,True
671,1939,True
3126,1943,True
2655,1948,True
1352,1950,True
3541,1951,True
3505,1959,True
621,1963,True
548,1963,True
2506,1963,True
3867,1963,True
657,1972,True
2973,1974,True
1543,1975,True
2136,1982,True
3156,1995,True
3882,2005,True
2016,2007,True
3239,2011,True
2570,2013,True
2570,2015,True
833,2015,True
1752,2025,True
1543,2032,True
1890,2032,True
4069,2032,True
1410,2032,True
1262,2035,True
4260,2044,True
671,2044,True
1751,2050,True
3820,2051,True
1011,2051,True
3140,2054,True
1920,2056,True
2275,2056,True
520,2064,True
1851,2071,True
913,2071,True
3053,2093,True
894,2093,True
3836,2093,True
3165,2096,True
3939,2104,True
1805,2104,True
2924,2112,True
2303,2114,True
4201,2114,True
115,2116,True
3154,2126,True
2681,2130,True
2305,2130,True
657,2135,True
2143,2148,True
3541,2149,True
1914,2152,True
1740,2154,True
4307,2181,True
3324,2181,True
4291,2185,True
1630,2187,True
622,2188,True
275,2190,True
2613,2195,True
2541,2199,True
590,2209,True
159,2210,True
418,2210,True
73,2219,True
4226,2219,True
2168,2220,True
1489,2220,True
520,2222,True
1266,2224,True
3359,2226,True
544,2231,True
3424,2237,True
3842,2249,True
441,2249,True
3805,2253,True
585,2256,True
2927,2260,True
3709,2262,True
2437,2266,True
894,2273,True
3106,2282,True
3709,2283,True
2839,2287,True
3031,2287,True
3071,2291,True
4095,2291,True
1668,2293,True
3156,2299,True
2305,2304,True
2506,2304,True
2187,2313,True
2123,2326,True
3425,2328,True
2434,2334,True
1463,2337,True
12,2350,True
1810,2366,True
127,2378,True
3398,2393,True
3089,2393,True
3,2393,True
193,2393,True
885,2399,True
712,2400,True
1658,2415,True
3905,2431,True
106,2434,True
1371,2434,True
2947,2437,True
1457,2456,True
1099,2460,True
1429,2460,True
2958,2464,True
3436,2467,True
1267,2475,True
384,2479,True
1327,2481,True
2823,2481,True
2189,2481,True
1695,2481,True
272,2481,True
256,2481,True
2754,2481,True
2654,2482,True
2301,2494,True
4222,2504,True
4319,2509,True
671,2512,True
4260,2512,True
1920,2513,True
1810,2523,True
426,2533,True
2607,2553,True
2210,2555,True
536,2559,True
3969,2563,True
2316,2563,True
2282,2563,True
1553,2563,True
2073,2563,True
1103,2563,True
2002,2563,True
898,2563,True
3614,2563,True
1670,2563,True
3449,2563,True
2650,2563,True
4248,2563,True
2123,2574,True
1119,2580,True
3819,2581,True
3820,2608,True
1011,2608,True
2927,2612,True
3842,2612,True
3255,2612,True
3842,2659,True
724,2661,True
2154,2668,True
3425,2671,True
858,2676,True
3126,2676,True
4036,2677,True
1658,2678,True
2000,2683,True
1860,2683,True
3842,2692,True
441,2692,True
3969,2695,True
1553,2695,True
2073,2695,True
3147,2695,True
1670,2695,True
4004,2695,True
2230,2701,True
1381,2701,True
3979,2701,True
2294,2701,True
3118,2701,True
1540,2701,True
3053,2708,True
2120,2716,True
1906,2716,True
1659,2718,True
1931,2718,True
4181,2718,True
987,2718,True
1194,2718,True
1404,2718,True
2377,2718,True
3979,2718,True
87,2718,True
2294,2718,True
3118,2718,True
1314,2718,True
2675,2718,True
4287,2721,True
1147,2723,True
3435,2723,True
1920,2724,True
2275,2724,True
1112,2725,True
3317,2725,True
3359,2728,True
3106,2729,True
1457,2731,True
2860,2732,True
2129,2750,True
504,2751,True
4291,2752,True
1061,2754,True
1272,2754,True
1069,2758,True
1102,2761,True
858,2766,True
3126,2766,True
3842,2791,True
3255,2791,True
2927,2791,True
3908,2799,True
2074,2802,True
2295,2802,True
4271,2804,True
106,2809,True
1371,2809,True
942,2810,True
987,2819,True
2675,2819,True
957,2824,True
1965,2824,True
2655,2832,True
1966,2833,True
2145,2842,True
718,2842,True
3454,2853,True
2136,2857,True
1955,2858,True
504,2858,True
373,2858,True
4096,2859,True
2305,2862,True
3981,2866,True
2198,2886,True
3820,2888,True
178,2890,True
504,2892,True
1621,2893,True
589,2893,True
4273,2898,True
4319,2909,True
329,2910,True
2136,2911,True
1119,2911,True
3779,2914,True
3908,2941,True
