,Unnamed: 0.1,Unnamed: 0,nome,cognome,titolo,id_istituto,institute_uri
0,0,0,Bruno,Gentilini,Principal,0,TNIC81300R
1,1,1,Marco,Felicetti,Principal,1,TNIS00100P
2,2,2,Enrica,Rigotti,Principal,2,TNIC861006
3,3,3,Carlo,Musio,Principal,3,ASSOCIAZIONE PEDAGOGICA STEINERIANA - TRENTO
4,4,4,Loredana,Frisinghelli,President of Managing Body,4,ASSOCIAZIONE RUDOLF STEINER PER LA PEDAGOGIA APS - ROVERETO
5,5,5,Christian,Bonazza,Principal,5,COLLEGIO ARCIVESCOVILE C.ENDRICI - TRENTO
6,6,6,Bruno,Daves,Director,5,COLLEGIO ARCIVESCOVILE C.ENDRICI - TRENTO
7,7,7,Christian,Bonazza,Principal,6,COLLEGIO ARCIVESCOVILE DAME INGLESI - ROVERETO
8,8,8,Bruno,Daves,Director,6,COLLEGIO ARCIVESCOVILE DAME INGLESI - ROVERETO
9,9,9,Marcello,Sottopietra,Principal,7,COOPERATIVA SOCIALE SACRA FAMIGLIA ONLUS
10,10,10,Michele,Filippini,Director,8,"CENTRO FORMAZIONE PROFESSIONALE ""CENTROMODA CANOSSA"" - TRENTO"
11,11,11,Diego,Freo,Director,9,CENTRO FORMAZIONE PROFESSIONALE ENAIP - ARCO
12,12,12,Giuliana,Battisti,Pedagogican Coordinator,10,CIRCOLO DI COORDINAMENTO N. 1
13,13,13,Caterina,Fruet,Pedagogican Coordinator,11,CIRCOLO DI COORDINAMENTO N. 2
14,14,14,Rita,Ferenzena,Pedagogican Coordinator,12,CIRCOLO DI COORDINAMENTO N. 4
15,15,15,Luca,Branz,Director,13,CENTRO FORMAZIONE PROFESSIONALE ENAIP - CLES
16,16,16,Dino,Moser,Director,14,CENTRO FORMAZIONE PROFESSIONALE ENAIP - TESERO
17,17,17,Emilio,Salvaterra,Director,15,TNCF001001
18,18,18,Massimo,Malossini,Director,16,TNCF007001
19,19,19,Paola,Coccia,Director,17,TNCF008001
20,20,20,Bernardo,Zanoner,Principal,18,CENTRO FORMAZIONE PROFESSIONALE OPERA ARMIDA BARELLI - LEVICO
21,21,21,Chiara,Bertolini,Director,18,CENTRO FORMAZIONE PROFESSIONALE OPERA ARMIDA BARELLI - LEVICO
22,22,22,Bernardo,Zanoner,Principal,19,TNCF005001
23,23,23,Anna,Prati,Director,19,TNCF005001
24,24,24,Erik,Gadotti,Principal,20,TNCF004001
25,25,25,Claudio,Nicolussi,Director,21,CENTRO FORMAZIONE PROFESSIONALE UPT - ARCO
26,26,26,Walter,Iori,Director,22,CENTRO FORMAZIONE PROFESSIONALE UPT - CLES
27,27,27,Walter,Iori,Director,23,CENTRO FORMAZIONE PROFESSIONALE UPT - ROVERETO
28,28,28,Paolo,Zanlucchi,Director,24,CENTRO FORMAZIONE PROFESSIONALE UPT - TIONE DI TRENTO
29,29,29,Walter,Iori,Director,25,TNCF003001
30,30,30,Fausto,Eccher,Director,26,CENTRO FORMAZIONE PROFESSIONALE ENAIP - PRIMIERO
31,31,31,Sara,De zolt,Pedagogican Coordinator,27,SCUOLA DELL'INFANZIA DI VIGO DI FASSA
32,32,32,Elena,Ricci,Pedagogican Coordinator,28,SCUOLA DELL'INFANZIA DI VIGO DI TON
33,33,33,Carmen,Fattori,Pedagogican Coordinator,29,SCUOLA DELL'INFANZIA DI VILLAMONTAGNA
34,34,34,Ivana,Leonardelli,Pedagogican Coordinator,30,SCUOLA DELL'INFANZIA DI VILLAZZANO
35,35,35,Silvano,Medves,Pedagogican Coordinator,31,SCUOLA DELL'INFANZIA DI VOLANO
36,36,36,Valentina,Zanolla,Principal,32,TNIS00300A
37,37,37,Daniela,Simoncelli,Principal,33,TNSD02000X
38,38,38,Lorenza,Morelli,Principal,34,ISTITUTO SACRO CUORE - TRENTO
39,39,39,Paolo,Munaretto,Principal,35,ISTITUTO SALESIANO MARIA AUSILIATRICE - TRENTO
40,40,40,Nicola,Toffanello,Principal,36,ISTITUTO SALESIANO S. CROCE - MEZZANO
41,41,41,Andrea,Bezzi,Principal,37,TNTD18000T
42,42,42,Alfredo,Romantini,Principal,38,TNTD100001
43,43,43,Giuseppe,Santoli,Principal,39,TNTD020009
44,44,44,Giuseppe,Rizza,Principal,40,TNTF02000G
45,45,45,Laura,Zoller,Principal,41,TNIS013001
46,46,46,Paolo,Pendenza,Principal,42,TNPC02000A
47,47,47,Stefano,Kirchner,Principal,43,TNPM01000X
48,48,48,Teresa,Periti,Principal,44,TNIS00600T
49,49,49,Manuela,Broz,Principal,45,TNPM02000E
50,50,50,Paola,Baratter,Principal,46,TNPC04000G
51,51,51,Elena,Ruggieri,Principal,47,TNPS01000V
52,52,52,Tiziana,Rossi,Principal,48,TNPS02000D
53,53,53,Federico,Corradini,SORASTANT,49,TNIC85000Q
54,54,54,Federico,Corradini,Principal,49,TNIC85000Q
55,55,55,Giovanni,Scalfi,Principal,50,"SOCIETA' COOPERATIVA A R.L. ""I. DE CARNERI"" OXFORD CIVEZZANO"
56,56,56,Claudio,March,Director,50,"SOCIETA' COOPERATIVA A R.L. ""I. DE CARNERI"" OXFORD CIVEZZANO"
57,57,57,Pamela,Tomaselli,Pedagogican Coordinator,51,SCUOLA DELL'INFANZIA DI ALBIANO
58,58,58,Sandra,Ciappi,Pedagogican Coordinator,52,SCUOLA DELL'INFANZIA DI ALDENO
59,59,59,Elena,Ricci,Pedagogican Coordinator,53,SCUOLA DELL'INFANZIA DI ANDALO
60,60,60,Gianna,Angeli,Pedagogican Coordinator,54,SCUOLA DELL'INFANZIA DI ARCO
61,61,61,Francesca,Vareschi,Pedagogican Coordinator,55,SCUOLA DELL'INFANZIA DI AVIO
62,62,62,Mariangela,Simoncini,Pedagogican Coordinator,56,SCUOLA DELL'INFANZIA DI BARCO DI LEVICO
63,63,63,Gianna,Angeli,Pedagogican Coordinator,57,SCUOLA DELL'INFANZIA DI BOLOGNANO
64,64,64,Alessandra,Pomilio,Pedagogican Coordinator,58,SCUOLA DELL'INFANZIA DI BONDONE
65,65,65,Roberta,Medeghini,Pedagogican Coordinator,59,SCUOLA DELL'INFANZIA DI BORGO SACCO
66,66,66,Paola,Sangiorgi,Pedagogican Coordinator,60,SCUOLA DELL'INFANZIA DI BORGO VALSUGANA
67,67,67,Francesca,Vareschi,Pedagogican Coordinator,61,SCUOLA DELL'INFANZIA DI BRENTONICO
68,68,68,Mariangela,Simoncini,Pedagogican Coordinator,62,SCUOLA DELL'INFANZIA DI CALCERANICA
69,69,69,Mariangela,Simoncini,Pedagogican Coordinator,63,SCUOLA DELL'INFANZIA DI CALDONAZZO
70,70,70,Sara,De zolt,Pedagogican Coordinator,64,SCUOLA DELL'INFANZIA DI CAMPITELLO DI FASSA
71,71,71,Ute,Pancher,Pedagogican Coordinator,65,SCUOLA DELL'INFANZIA DI CAMPODENNO
72,72,72,Tiziana,Ceol,Pedagogican Coordinator,66,SCUOLA DELL'INFANZIA DI CARANO
73,73,73,Pamela,Tomaselli,Pedagogican Coordinator,67,SCUOLA DELL'INFANZIA DI NAVE SAN ROCCO
74,74,74,Roberta,Medeghini,Pedagogican Coordinator,68,SCUOLA DELL'INFANZIA DI NOMI
75,75,75,Daniela,Dalcastagne',Pedagogican Coordinator,69,SCUOLA DELL'INFANZIA DI OSPEDALETTO
76,76,76,Sandra,Ciappi,Pedagogican Coordinator,70,SCUOLA DELL'INFANZIA DI PADERGNONE
77,77,77,Sara,De zolt,Pedagogican Coordinator,71,SCUOLA DELL'INFANZIA DI PANCHIÀ
78,78,78,Roberta,Medeghini,Pedagogican Coordinator,72,SCUOLA DELL'INFANZIA DI PEDERSANO
79,79,79,Gianna,Angeli,Pedagogican Coordinator,73,SCUOLA DELL'INFANZIA DI PIETRAMURATA
80,80,80,Daniela,Dalcastagne',Pedagogican Coordinator,74,SCUOLA DELL'INFANZIA DI PIEVE TESINO
81,81,81,Alessandra,Pomilio,Pedagogican Coordinator,75,SCUOLA DELL'INFANZIA DI PIEVE DI BONO
82,82,82,Francesca,Vareschi,Pedagogican Coordinator,76,SCUOLA DELL'INFANZIA DI PILCANTE
83,83,83,Alessandra,Pomilio,Pedagogican Coordinator,77,SCUOLA DELL'INFANZIA DI PINZOLO
84,84,84,Lorenzo,Santorum,Pedagogican Coordinator,78,SCUOLA DELL'INFANZIA DI PONTE ARCHE
85,85,85,Ivana,Leonardelli,Pedagogican Coordinator,79,SCUOLA DELL'INFANZIA DI POVO
86,86,86,Roberta,Medeghini,Pedagogican Coordinator,80,SCUOLA DELL'INFANZIA DI POZZA DI TRAMBILENO
87,87,87,Pamela,Tomaselli,Pedagogican Coordinator,81,SCUOLA DELL'INFANZIA DI PRESSANO
88,88,88,Lorenzo,Santorum,Pedagogican Coordinator,82,SCUOLA DELL'INFANZIA DI QUADRA - CAVRASTO
89,89,89,Luisa,Fontanari,Pedagogican Coordinator,83,"SCUOLA DELL'INFANZIA DI RIVA ""DEGASPERI"""
90,90,90,Luisa,Fontanari,Pedagogican Coordinator,84,"SCUOLA DELL'INFANZIA DI RIVA DEL GARDA ""S. ALESSANDRO"""
91,91,91,Paola,Sangiorgi,Pedagogican Coordinator,85,SCUOLA DELL'INFANZIA DI RONCEGNO
92,92,92,Paola,Sangiorgi,Pedagogican Coordinator,86,SCUOLA DELL'INFANZIA DI RONCHI VALSUGANA
93,93,93,Ute,Pancher,Pedagogican Coordinator,87,SCUOLA DELL'INFANZIA DI TAIO
94,94,94,Paola,Sangiorgi,Pedagogican Coordinator,88,SCUOLA DELL'INFANZIA DI TELVE
95,95,95,Luisa,Fontanari,Pedagogican Coordinator,89,SCUOLA DELL'INFANZIA DI TENNO
96,96,96,Daniela,Dalcastagne',Pedagogican Coordinator,90,SCUOLA DELL'INFANZIA DI TEZZE VALSUGANA
97,97,97,Daniela,Dalcastagne',Pedagogican Coordinator,91,SCUOLA DELL'INFANZIA DI TONADICO
98,98,98,Luisa,Fontanari,Pedagogican Coordinator,92,SCUOLA DELL'INFANZIA DI TORBOLE
99,99,99,Paola,Sangiorgi,Pedagogican Coordinator,93,SCUOLA DELL'INFANZIA DI TORCEGNO
100,100,100,Daniela,Dalcastagne',Pedagogican Coordinator,94,SCUOLA DELL'INFANZIA DI TRANSACQUA
101,101,101,Sandra,Ciappi,Pedagogican Coordinator,95,"SCUOLA DELL'INFANZIA DI TRENTO ""PEDROTTI"""
102,102,102,Ivana,Leonardelli,Pedagogican Coordinator,96,SCUOLA DELL'INFANZIA DI TRENTO CANOSSIANE
103,103,103,Sandra,Ciappi,Pedagogican Coordinator,97,SCUOLA DELL'INFANZIA DI TRENTO S. BARTOLOMEO
104,104,104,Ivana,Leonardelli,Pedagogican Coordinator,98,"SCUOLA DELL'INFANZIA DI TRENTO COGNOLA ""B. KOFLER"""
105,105,105,Andrea,Valerio,President of Managing Body,98,"SCUOLA DELL'INFANZIA DI TRENTO COGNOLA ""B. KOFLER"""
106,106,106,Sandra,Ciappi,Pedagogican Coordinator,99,SCUOLA DELL'INFANZIA DI TRENTO LA CLARINA
107,107,107,Ivana,Leonardelli,Pedagogican Coordinator,100,"SCUOLA DELL'INFANZIA DI TRENTO SAN DONÀ ""B. KOFLER"""
108,108,108,Andrea,Valerio,President of Managing Body,100,"SCUOLA DELL'INFANZIA DI TRENTO SAN DONÀ ""B. KOFLER"""
109,109,109,Ute,Pancher,Pedagogican Coordinator,101,SCUOLA DELL'INFANZIA DI TUENNO
110,110,110,Luisa,Fontanari,Pedagogican Coordinator,102,SCUOLA DELL'INFANZIA DI VARONE
111,111,111,Roberta,Bertolas,Pedagogican Coordinator,103,SCUOLA DELL'INFANZIA DI VERMIGLIO
112,112,112,Sandra,Ciappi,Pedagogican Coordinator,104,SCUOLA DELL'INFANZIA DI VEZZANO
113,113,113,Gianna,Angeli,Pedagogican Coordinator,105,SCUOLA DELL'INFANZIA DI VIGO CAVEDINE
114,114,114,Carmen,Fattori,Pedagogican Coordinator,106,SCUOLA DELL'INFANZIA DI VIGO CORTESANO
115,115,115,Lorenzo,Santorum,Pedagogican Coordinator,107,SCUOLA DELL'INFANZIA DI VIGO LOMASO
116,116,116,Carmen,Fattori,Pedagogican Coordinator,108,SCUOLA DELL'INFANZIA DI GHIAIE DI GARDOLO
117,117,117,Daniela,Dalcastagne',Pedagogican Coordinator,109,SCUOLA DELL'INFANZIA DI GRIGNO
118,118,118,Mariangela,Simoncini,Pedagogican Coordinator,110,SCUOLA DELL'INFANZIA DI ISCHIA DI PERGINE
119,119,119,Pamela,Tomaselli,Pedagogican Coordinator,111,SCUOLA DELL'INFANZIA DI LONA
120,120,120,Alessandra,Pomilio,Pedagogican Coordinator,112,SCUOLA DELL'INFANZIA DI MADONNA DI CAMPIGLIO
121,121,121,Giorgio,Ferrari,President of Managing Body,112,SCUOLA DELL'INFANZIA DI MADONNA DI CAMPIGLIO
122,122,122,Mariangela,Simoncini,Pedagogican Coordinator,113,SCUOLA DELL'INFANZIA DI MADRANO
123,123,123,Roberta,Bertolas,Pedagogican Coordinator,114,SCUOLA DELL'INFANZIA DI MALÈ
124,124,124,Paola,Sangiorgi,Pedagogican Coordinator,115,SCUOLA DELL'INFANZIA DI MARTER
125,125,125,Carmen,Fattori,Pedagogican Coordinator,116,"SCUOLA DELL'INFANZIA DI MARTIGNANO ""D. LEONE SERAFINI"""
126,126,126,Gianna,Angeli,Pedagogican Coordinator,117,SCUOLA DELL'INFANZIA DI MASSONE
127,127,127,Ilaria,Mancini,Pedagogican Coordinator,118,SCUOLA DELL'INFANZIA DI MECHEL
128,128,128,Daniela,Dalcastagne',Pedagogican Coordinator,119,SCUOLA DELL'INFANZIA DI MEZZANO
129,129,129,Elena,Ricci,Pedagogican Coordinator,120,SCUOLA DELL'INFANZIA DI MEZZOCORONA
130,130,130,Elena,Ricci,Pedagogican Coordinator,121,SCUOLA DELL'INFANZIA DI MEZZOLOMBARDO
131,131,131,Sara,De zolt,Pedagogican Coordinator,122,SCUOLA DELL'INFANZIA DI MOENA
132,132,132,Luisa,Fontanari,Pedagogican Coordinator,123,SCUOLA DELL'INFANZIA DI MOLINA DI LEDRO
133,133,133,Ute,Pancher,Pedagogican Coordinator,124,SCUOLA DELL'INFANZIA DI MOLLARO
134,134,134,Elena,Ricci,Pedagogican Coordinator,125,SCUOLA DELL'INFANZIA DI MOLVENO
135,135,135,Pamela,Tomaselli,Pedagogican Coordinator,126,SCUOLA DELL'INFANZIA DI MONTESOVER
136,136,136,Silvano,Medves,Pedagogican Coordinator,127,SCUOLA DELL'INFANZIA DI MORI
137,137,137,Luisa,Fontanari,Pedagogican Coordinator,128,SCUOLA DELL'INFANZIA DI NAGO
138,138,138,Moreno,Murano,President of Managing Body,128,SCUOLA DELL'INFANZIA DI NAGO
139,139,139,Silvano,Medves,Pedagogican Coordinator,129,SCUOLA DELL'INFANZIA DI RONZO-CHIENIS
140,140,140,Giorgio,Rella,President of Managing Body,130,"SCUOLA DELL'INFANZIA DI ROVERETO ""CLEMENTINO VANNETTI"""
141,141,141,Roberta,Medeghini,Pedagogican Coordinator,131,"SCUOLA DELL'INFANZIA DI ROVERETO ""ROSMINI"""
142,142,142,Lorenzo,Santorum,Pedagogican Coordinator,132,SCUOLA DELL'INFANZIA DI S. CROCE BLEGGIO
143,143,143,Lorenzo,Santorum,Pedagogican Coordinator,133,SCUOLA DELL'INFANZIA DI S. LORENZO IN BANALE
144,144,144,Francesca,Vareschi,Pedagogican Coordinator,134,SCUOLA DELL'INFANZIA DI S. MARGHERITA DI ALA
145,145,145,Francesca,Vareschi,Pedagogican Coordinator,135,SCUOLA DELL'INFANZIA DI SABBIONARA
146,146,146,Daniela,Dalcastagne',Pedagogican Coordinator,136,SCUOLA DELL'INFANZIA DI SAN MARTINO DI C.
147,147,147,Gianna,Angeli,Pedagogican Coordinator,137,SCUOLA DELL'INFANZIA DI SARCHE
148,148,148,Paola,Sangiorgi,Pedagogican Coordinator,138,SCUOLA DELL'INFANZIA DI SCURELLE
149,149,149,Ute,Pancher,Pedagogican Coordinator,139,SCUOLA DELL'INFANZIA DI SEGNO
150,150,150,Pamela,Tomaselli,Pedagogican Coordinator,140,SCUOLA DELL'INFANZIA DI SEGONZANO
151,151,151,Francesca,Vareschi,Pedagogican Coordinator,141,SCUOLA DELL'INFANZIA DI SERRAVALLE
152,152,152,Daniela,Dalcastagne',Pedagogican Coordinator,142,SCUOLA DELL'INFANZIA DI SIROR
153,153,153,Ilaria,Mancini,Pedagogican Coordinator,143,SCUOLA DELL'INFANZIA DI SMARANO
154,154,154,Carmen,Fattori,Pedagogican Coordinator,144,SCUOLA DELL'INFANZIA DI SOPRAMONTE
155,155,155,Alessandra,Pomilio,Pedagogican Coordinator,145,SCUOLA DELL'INFANZIA DI SPIAZZO RENDENA
156,156,156,Ute,Pancher,Pedagogican Coordinator,146,SCUOLA DELL'INFANZIA DI SPORMAGGIORE
157,157,157,Lorenzo,Santorum,Pedagogican Coordinator,147,SCUOLA DELL'INFANZIA DI STENICO
158,158,158,Alessandra,Pomilio,Pedagogican Coordinator,148,SCUOLA DELL'INFANZIA DI STORO
159,159,159,Daniela,Dalcastagne',Pedagogican Coordinator,149,SCUOLA DELL'INFANZIA DI STRIGNO
160,160,160,Mariangela,Simoncini,Pedagogican Coordinator,150,SCUOLA DELL'INFANZIA DI SUSÀ
161,161,161,Alessandra,Pomilio,Pedagogican Coordinator,151,SCUOLA DELL'INFANZIA DI CARISOLO
162,162,162,Ilaria,Mancini,Pedagogican Coordinator,152,SCUOLA DELL'INFANZIA DI CASEZ
163,163,163,Roberta,Medeghini,Pedagogican Coordinator,153,SCUOLA DELL'INFANZIA DI CASTELLANO
164,164,164,Tiziana,Ceol,Pedagogican Coordinator,154,SCUOLA DELL'INFANZIA DI CASTELLO DI FIEMME
165,165,165,Gianna,Angeli,Pedagogican Coordinator,155,SCUOLA DELL'INFANZIA DI CAVEDINE
166,166,166,Pamela,Tomaselli,Pedagogican Coordinator,156,SCUOLA DELL'INFANZIA DI CEMBRA
167,167,167,Francesca,Vareschi,Pedagogican Coordinator,157,SCUOLA DELL'INFANZIA DI CHIZZOLA
168,168,168,Ilaria,Mancini,Pedagogican Coordinator,158,SCUOLA DELL'INFANZIA DI CLES
169,169,169,Ilaria,Mancini,Pedagogican Coordinator,159,SCUOLA DELL'INFANZIA DI CLOZ E BREZ
170,170,170,Alessandra,Pomilio,Pedagogican Coordinator,160,SCUOLA DELL'INFANZIA DI CONDINO
171,171,171,Ilaria,Mancini,Pedagogican Coordinator,161,SCUOLA DELL'INFANZIA DI COREDO
172,172,172,Carmen,Fattori,Pedagogican Coordinator,162,SCUOLA DELL'INFANZIA DI CRISTO RE -TRENTO
173,173,173,Silvano,Medves,Pedagogican Coordinator,163,SCUOLA DELL'INFANZIA DI CROSANO
174,174,174,Ilaria,Mancini,Pedagogican Coordinator,164,SCUOLA DELL'INFANZIA DI DAMBEL
175,175,175,Roberta,Bertolas,Pedagogican Coordinator,165,SCUOLA DELL'INFANZIA DI DIMARO
176,176,176,Pamela,Tomaselli,Pedagogican Coordinator,166,SCUOLA DELL'INFANZIA DI FAVER
177,177,177,Lorenzo,Santorum,Pedagogican Coordinator,167,SCUOLA DELL'INFANZIA DI FIAVÈ
178,178,178,Daniela,Dalcastagne',Pedagogican Coordinator,168,SCUOLA DELL'INFANZIA DI FIERA DI PRIMIERO
179,179,179,Ilaria,Mancini,Pedagogican Coordinator,169,SCUOLA DELL'INFANZIA DI FONDO
180,180,180,Mariangela,Simoncini,Pedagogican Coordinator,170,SCUOLA DELL'INFANZIA DI FORNACE
181,181,181,Carmen,Fattori,Pedagogican Coordinator,171,SCUOLA DELL'INFANZIA DI GARDOLO
182,182,182,Chiara,Ghetta,Principal,172,TNIC85800A
183,183,183,Giuseppe,Prigiotti,Principal,173,TNIC83400T
184,184,184,Sara,Turrini,Principal,174,TNIC84400C
185,185,185,Paola,Maroni,Principal,175,TNIC80600N
186,186,186,Gabriella,Vitale,Principal,176,TNIC803006
187,187,187,Tiziana,Chemotti,Principal,177,TNIC846004
188,188,188,Venera,Munafo',Principal,178,TNIC817004
189,189,189,Romeo,Collini,Principal,179,TNIC838005
190,190,190,Roberta,Bisoffi,Principal,180,TNIC804002
191,191,191,Roberta,Gambaro,Principal,181,TNIC82800E
192,192,192,Milena,Endrizzi,Pedagogican Coordinator,182,CIRCOLO DI COORDINAMENTO N. 9
193,193,193,Tatiana,Soraperra,Pedagogican Coordinator,183,COORDINAMENTO PEDAGOGICO SCUOLE PROVINCIALI DELL'INFANZIA LADINE
194,194,194,Federico,Corradini,SORASTANT,183,COORDINAMENTO PEDAGOGICO SCUOLE PROVINCIALI DELL'INFANZIA LADINE
195,195,195,Alessandro,Miorelli,Principal,184,GARDASCUOLA SOCIETA' COOPERATIVA SOCIALE - ARCO
196,196,196,Laura,Scalfi,Director,185,TNCF002001
197,197,197,Maura,Maino,Principal,186,TNIC84800Q
198,198,198,Tiziana chiara, pasquini,Principal,187,TNIC82100Q
199,199,199,Franco,Vanin,Principal,188,TNIC832006
200,200,200,Piera,Pegoretti,Principal,189,TNIC86000A
201,201,201,Norma,Borgogno,Principal,190,TNIC816008
202,202,202,Claudia,Terranova,Principal,191,TNIC840005
203,203,203,Daniela,Fruet,Principal,192,TNIC81400L
204,204,204,Stefano,Morelato,Principal,193,TNIC81500C
205,205,205,Elisabetta,Pizio,Principal,194,TNIC808009
206,206,206,Maurizio,Caproni,Principal,195,TNIC84200R
207,207,207,Daniela,Depentori,Principal,196,TNIC859006
208,208,208,Giuliana,Sighel,Principal,197,TNIC80100E
209,209,209,Renato,Paoli,Principal,198,TNIC837009
210,210,210,Francesca,Lasaracina,Principal,199,TNIC825003
211,211,211,Ezio,Montibeller,Principal,200,TNIC81800X
212,212,212,Paola,Sigmund,Principal,201,TNIC82300B
213,213,213,Cinzia,Casna,Principal,202,TNIC824007
214,214,214,Vito,Rovigo,Principal,203,TNIC84700X
215,215,215,Pasqua cinzia, salomone,Principal,204,TNIC833002
216,216,216,Luigi,Vitullo,Principal,205,TNIC812001
217,217,217,Roberto,Trolli,Principal,206,TNIC809005
218,218,218,Stefano,Chesini,Principal,207,TNIC82200G
219,219,219,Maura,Zini,Principal,208,TNIC82600V
220,220,220,Alberto,Paris,Principal,209,TNIC83600D
221,221,221,Laura,De donno,Principal,210,TNIC81900Q
222,222,222,Carlo,Zanetti,Principal,211,TNIC82000X
223,223,223,Lina,Broch,Principal,212,TNIC85600P
224,224,224,Patrizia,Visconti,Principal,213,TNIC85700E
225,225,225,Paola,Pasqualin,Principal,214,TNIC85200B
226,226,226,Giulio,Bertoldi,Principal,215,TNIS00200E
227,227,227,Alessandro,Fabris,Principal,216,TNIS00700N
228,228,228,Tiziana,Gulli,Principal,217,TNIS004006
229,229,229,Katia,Pegoretti,Pedagogican Coordinator,218,CIRCOLO DI COORDINAMENTO N. 6
230,230,230,Laura,Bertoldi,Pedagogican Coordinator,219,CIRCOLO DI COORDINAMENTO N. 7
231,231,231,Valentina,Dante,Principal,220,SCUOLA PARITARIA LA VELA - FONDAZIONE FAMIGLIA MATERNA - ROVERETO
232,232,232,Andrea,Schelfi,Principal,221,TNCF011001
233,233,233,Cazzani,Daniela,Director,221,TNCF011001
234,234,234,Walter,Iori,Director,222,CENTRO FORMAZIONE PROFESSIONALE UPT - BORGO VALSUGANA
235,235,235,Federico,Samaden,Principal,223,TNCF010001
236,236,236,Targa,Walter,Director,223,TNCF010001
237,237,237,Maria,Prodi,Principal,224,TNIC810009
238,238,238,Massimiliano,Latino,Principal,225,TNIC84900G
239,239,239,Paolo,Chincarini,Principal,226,TNIS00800D
240,240,240,Maria rita, magistro,Principal,227,TNCF012001
241,241,241,Deluca,Enzo,Director,227,TNCF012001
242,242,242,Licia,Campi,Principal,228,TNIC82900A
243,243,243,Nicola,Parzian,Principal,229,TNIC85100G
244,244,244,Maria teresa, dosso,Principal,230,TNIS009009
245,245,245,Paolo andrea, buzzelli,Principal,231,TNPC01000Q
246,246,246,Giuseppe,Gammino,Principal,232,TNIC85500V
247,247,247,Massimo,Gaburro,Principal,233,TNIC83100A
248,248,248,Chiara,Motter,Principal,234,TNPS11000Q
249,249,249,Paola,Bortolotti,Principal,235,TNIC841001
250,250,250,Francesca,Borroi,Principal,236,TNIC845008
251,251,251,Michele,Rosa,Principal,237,TNIC853007
252,252,252,Sara,Tonazzoli,Pedagogican Coordinator,238,"SCUOLA DELL'INFANZIA DI TRENTO ""SACRO CUORE"""
253,253,253,Erminia, morelli,President of Managing Body,238,"SCUOLA DELL'INFANZIA DI TRENTO ""SACRO CUORE"""
254,254,254,Annarita,Cappelletti,Pedagogican Coordinator,239,CIRCOLO DI COORDINAMENTO N. 8
255,255,255,Martina,Basseti,Pedagogican Coordinator,240,CIRCOLO DI COORDINAMENTO N. 5
256,256,256,Simonetta,Errigo,Pedagogican Coordinator,241,CIRCOLO DI COORDINAMENTO N. 11
257,257,257,Chiara,Nadalon,Pedagogican Coordinator,242,CIRCOLO DI COORDINAMENTO N. 3
258,258,258,Ginevra,Rella,Pedagogican Coordinator,243,CIRCOLO DI COORDINAMENTO N. 10
259,259,259,Francesca,Vareschi,Pedagogican Coordinator,244,SCUOLA DELL'INFANZIA DI ALA
260,260,260,Alberto,Galli,President of Managing Body,245,SCUOLA DELL'INFANZIA DI LIZZANELLA
261,261,261,Francesca,Parolari,Director,246,"SCUOLA DELL'INFANZIA DI PERGINE ""G.B. CHIMELLI"""
262,262,262,Franco,Antonini,President of Managing Body,247,"SCUOLA DELL'INFANZIA DI RIVA ""GIARDINO"""
263,263,263,Stefano,Talassi,President of Managing Body,248,"SCUOLA DELL'INFANZIA DI LAVIS ""MADRE MADDALENA DI CANOSSA"""
264,264,264,Chiara,Zontini,President of Managing Body,249,SCUOLA DELL'INFANZIA DI LODRONE
265,265,265,Pier luigi, saccani,President of Managing Body,250,"SCUOLA DELL'INFANZIA DI TRENTO ""S. ANTONIO"""
266,266,266,Francesca,Parolari,Director,251,SCUOLA DELL'INFANZIA DI RONCOGNO DI PERGINE
267,267,267,Paola,Sangiorgi,Pedagogican Coordinator,252,SCUOLA DELL'INFANZIA DI CASTELNUOVO
268,268,268,Marco,Manica,President of Managing Body,253,"SCUOLA DELL'INFANZIA DI MARCO ROVERETO ""G.E A. ROSMINI SERBATI"""
269,269,269,Anna,Daldoss,President of Managing Body,254,SCUOLA DELL'INFANZIA DI RANZO
270,270,270,Marco,Salvaterra,President of Managing Body,255,"SCUOLA DELL'INFANZIA DI TIONE DI TRENTO ""DON GIOVANNI FAILONI"""
271,271,271,Antonio,Girardi,President of Managing Body,256,"SCUOLA DELL'INFANZIA DI TRENTO ""A. TAMBOSI"""
272,272,272,Sara,De zolt,Pedagogican Coordinator,257,SCUOLA DELL'INFANZIA DI PREDAZZO
273,273,273,Tullio,Mussi,President of Managing Body,258,"SCUOLA DELL'INFANZIA DI RONCONE ""MARIO AMISTADI SCIAVINA"""
274,274,274,Alessandra,Bianchi,Pedagogican Coordinator,259,"SCUOLA DELL'INFANZIA DI TRENTO ""G. B. ZANELLA ODV"""
275,275,275,Pierluigi,Piffer,President of Managing Body,259,"SCUOLA DELL'INFANZIA DI TRENTO ""G. B. ZANELLA ODV"""
276,276,276,Tiziana,Ceol,Pedagogican Coordinator,260,SCUOLA DELL'INFANZIA DI CAVALESE
277,277,277,Alessandro,Larentis,President of Managing Body,260,SCUOLA DELL'INFANZIA DI CAVALESE
278,278,278,Doris,Losa,Pedagogican Coordinator,261,SCUOLA DELL'INFANZIA DI DAONE
279,279,279,Luana,Clinaz,President of Managing Body,261,SCUOLA DELL'INFANZIA DI DAONE
280,280,280,Diego,Maria bonazza,President of Managing Body,262,"SCUOLA DELL'INFANZIA DI BREGUZZO - BONDO ""GIUSEPPINA BONAZZA"""
281,281,281,Stefano,Zendri,President of Managing Body,263,SCUOLA DELL'INFANZIA DI LIZZANA
282,282,282,Tiziana,Ceol,Pedagogican Coordinator,264,SCUOLA DELL'INFANZIA DI MASI DI CAVALESE
283,283,283,Alessandro,Larentis,President of Managing Body,264,SCUOLA DELL'INFANZIA DI MASI DI CAVALESE
284,284,284,Sara,De zolt,Pedagogican Coordinator,265,SCUOLA DELL'INFANZIA DI ZIANO DI FIEMME
285,285,285,Manuel,Penasa,Principal,266,FONDAZIONE EDMUND MACH - ISTITUTO AGRARIO SAN MICHELE ALL'ADIGE
286,286,286,Claudia,Bisognin,Director,266,FONDAZIONE EDMUND MACH - ISTITUTO AGRARIO SAN MICHELE ALL'ADIGE
287,287,287,Ute,Pancher,Pedagogican Coordinator,267,SCUOLA DELL'INFANZIA DI DENNO
288,288,288,Luca,Branz,Director,268,CENTRO FORMAZIONE PROFESSIONALE ENAIP - OSSANA
289,289,289,Francesco,Micheletti,Director,269,CENTRO FORMAZIONE PROFESSIONALE ENAIP - BORGO VALSUGANA
290,290,290,Tiziana,Ceol,Pedagogican Coordinator,270,SCUOLA DELL'INFANZIA DI TESERO
291,291,291,Roberta,Medeghini,Pedagogican Coordinator,271,SCUOLA DELL'INFANZIA DI VILLA LAGARINA
