,Unnamed: 0,school_id,miur_code,score,school_name,uri
0,0,29503,TNEE813064,"5,0","SCUOLA PRIMARIA ""C. CORRADI"" NOVALEDO",0
1,1,29504,TNEE813075,"5,0","SCUOLA PRIMARIA ""P. MARTINELLI"" RONCEGNO TERME",1
2,2,29510,TNMM81302V,"5,0","SCUOLA SECONDARIA DI PRIMO GRADO ""M. POLA"" RONCEGNO TERME",2
3,3,29783,TNTD001011,"5,0",ISTITUTO TECNICO PER IL SETTORE ECONOMICO - PREDAZZO,3
4,4,29784,TNTD001509,"5,0",ISTITUTO TECNICO PER IL SETTORE ECONOMICO SERALE - PREDAZZO,4
5,5,29785,TNTL00101B,"4,7",ISTITUTO TECNICO PER IL SETTORE TECNOLOGICO,5
6,6,29786,TNTD001509,"5,0",ISTITUTO TECNICO PER IL SETTORE TECNOLOGICO SERALE - PREDAZZO,6
7,7,29787,TNPS001015,"4,7",LICEO DELLE SCIENZE UMANE OPZIONE ECONOMICO SOCIALE,7
8,8,29788,TNPS001015,"4,7",LICEO LINGUISTICO,8
9,9,29789,TNPS001015,"4,7",LICEO SCIENTIFICO,9
10,10,65579,TNPS001015,"4,7",LICEO DELLE SCIENZE UMANE,10
11,11,65577,TNMM861017,"1,0",SCUOLA SECONDARIA DI PRIMO GRADO BRENTONICO,11
12,12,29225,TN1E00900D,"2,6",ASSOCIAZIONE R. STEINER - PRIMARIA,12
13,13,29226,TN1M007003,"2,6",ASSOCIAZIONE R. STEINER - SECONDARIA I GRADO,13
14,14,29228,,"5,0",ASILO COLLE FIORITO,14
15,15,29230,TNTD37500F,"3,9",ISTITUTO TECNICO PER IL SETTORE ECONOMICO,15
16,16,29231,TNTD37500F,"3,9",ISTITUTO TECNICO PER IL SETTORE TECNOLOGICO,16
17,17,29232,TNPC01500V,"3,9",LICEO CLASSICO ARCIVESCOVILE - TRENTO,17
18,18,29233,TNPL085003,"3,9",LICEO LINGUISTICO ARCIVESCOVILE - TRENTO,18
19,19,29234,TNPS015002,"3,9",LICEO SCIENTIFICO ARCIVESCOVILE - TRENTO,19
20,20,29235,TN1E00100V,"3,9",SCUOLA PRIMARIA ARCIVESCOVILE TRENTO,20
21,21,29236,TN1M00400G,"3,9",SCUOLA SECONDARIA DI PRIMO GRADO ARCIVESCOVILE TRENTO,21
22,22,29238,TNPL005006,"5,0",LICEO LINGUISTICO ARCIVESCOVILE DAME INGLESI - ROVERETO,22
23,23,29239,TN1E006002,"5,0",SCUOLA PRIMARIA ARCIVESCOVILE DAME INGLESI ROVERETO,23
24,24,29240,TN1M00200X,"5,0",SCUOLA SECONDARIA DI PRIMO GRADO ARCIVESCOVILE DAME INGLESI ROVERETO,24
25,25,29245,TN1E005006,"5,0",SCUOLA PRIMARIA SACRA FAMIGLIA TRENTO,25
26,26,29247,TNCF009001,"4,5",SETTORE INDUSTRIA E ARTIGIANATO,26
27,27,29249,TNFP249STA,"3,3",SETTORE INDUSTRIA E ARTIGIANATO,27
28,28,29333,,"4,3","SCUOLA DELL'INFANZIA DI LEVICO TERME ""TAITA MARCOS""",28
29,29,29351,,"2,5","SCUOLA DELL'INFANZIA DI TRENTO MATTARELLO ""IL CASTELLO""",29
30,30,29354,,"3,0","SCUOLA DELL'INFANZIA DI TRENTO S.GIUSEPPE ""MASO GINOCCHIO - COLLODI""",30
31,31,29254,TNFP251STA,"5,0",SETTORE INDUSTRIA E ARTIGIANATO,31
32,32,29258,TNFP254STA,"4,0",SETTORE INDUSTRIA E ARTIGIANATO,32
33,33,29259,TNFP254STA,"4,0",SETTORE SERVIZI,33
34,34,29261,TNCF001001,"3,7",SETTORE INDUSTRIA E ARTIGIANATO,34
35,35,29262,TNCF001001,"3,7",SETTORE SERVIZI,35
36,36,29264,TNCF007001,"5,0",SETTORE SERVIZI,36
37,37,29267,,"3,6",SETTORE INDUSTRIA E ARTIGIANATO SERALE,37
38,38,29269,TNFP272STA,"4,0",SETTORE SERVIZI,38
39,39,29273,TNCF004001,"4,5",SETTORE INDUSTRIA E ARTIGIANATO,39
40,40,29275,TNFP261STA,"5,0",SETTORE SERVIZI,40
41,41,29277,TNFP262STA,"4,7",SETTORE SERVIZI,41
42,42,29284,,"4,2",SETTORE SERVIZI SERALE,42
43,43,29286,TNFP253STA,"5,0",SETTORE INDUSTRIA E ARTIGIANATO,43
44,44,29287,TNFP253STA,"5,0",SETTORE SERVIZI,44
45,45,29803,TNTD00301L,"4,7",ISTITUTO TECNICO PER IL SETTORE ECONOMICO,45
46,46,29804,TNRC00350N,"4,7",ISTITUTO TECNICO PER IL SETTORE ECONOMICO SERALE,46
47,47,29805,TNTD00301L,"4,7",ISTITUTO TECNICO PER IL SETTORE TECNOLOGICO,47
48,48,29806,TNPS00301R,"4,7",LICEO DELLE SCIENZE UMANE OPZIONE ECONOMICO SOCIALE,48
49,49,29807,TNPS00301R,"4,7",LICEO SCIENTIFICO,49
50,50,29808,TNPS00301R,"4,7",LICEO SCIENTIFICO OPZIONE SCIENZE APPLICATE,50
51,51,29816,TNSD020011,"4,9","LICEO ARTISTICO ""DEPERO""- ROVERETO",51
52,52,29817,TNSD02000X,"4,3","LICEO ARTISTICO ""VITTORIA"" - TRENTO",52
53,53,29819,TNSD02000X,"4,6",LICEO MUSICALE COREUTICO,53
54,54,29821,TNTD035003,"4,4",ISTITUTO TECNICO PER IL SETTORE ECONOMICO,54
55,55,29822,TNTD035003,"4,4",ISTITUTO TECNICO PER IL SETTORE TECNOLOGICO,55
56,56,29823,TNPM015003,"4,4",LICEO ARTISTICO,56
57,57,29824,TNPM015003,"4,4",LICEO DELLE SCIENZE UMANE,57
58,58,29825,TN1E00300E,"4,4",SCUOLA PRIMARIA SACRO CUORE TRENTO,58
59,59,29826,TN1M006007,"4,4",SCUOLA SECONDARIA DI PRIMO GRADO SACRO CUORE TRENTO,59
60,60,29828,TN1M00500B,"4,5",SCUOLA SECONDARIA DI PRIMO GRADO MARIA AUSILIATRICE TRENTO,60
61,61,29830,TN1E00200P,"4,0",SCUOLA PRIMARIA SANTA CROCE MEZZANO,61
62,62,29831,TN1M001004,"4,0",SCUOLA SECONDARIA DI PRIMO GRADO SANTA CROCE MEZZANO,62
63,63,29833,TNTD18000T,"3,6",ISTITUTO TECNICO PER IL SETTORE ECONOMICO,63
64,64,29834,TNTD180507,"3,6",ISTITUTO TECNICO PER IL SETTORE ECONOMICO SERALE,64
65,65,29837,TNTD100001,"4,6",ISTITUTO TECNICO PER IL SETTORE ECONOMICO,65
66,66,29838,TNTD10050A,"4,6",ISTITUTO TECNICO PER IL SETTORE ECONOMICO SERALE,66
67,67,29839,TNTD100001,"4,6",ISTITUTO TECNICO PER IL SETTORE TECNOLOGICO,67
68,68,29840,TNTD10050A,"4,6",ISTITUTO TECNICO PER IL SETTORE TECNOLOGICO SERALE,68
69,69,29842,TNTD020009,"3,9",ISTITUTO TECNICO PER IL SETTORE ECONOMICO,69
70,70,29843,TNTD02050P,"3,9",ISTITUTO TECNICO PER IL SETTORE ECONOMICO SERALE,70
71,71,29844,TNTD020009,"3,9",ISTITUTO TECNICO PER IL SETTORE TECNOLOGICO,71
72,72,29845,TNTD02050P,"3,9",ISTITUTO TECNICO PER IL SETTORE TECNOLOGICO SERALE,72
73,73,29853,TNTF02000G,"3,9",ISTITUTO TECNICO PER IL SETTORE TECNOLOGICO,73
74,74,29854,TNTF020501,"3,9",ISTITUTO TECNICO PER IL SETTORE TECNOLOGICO SERALE,74
75,75,29856,TNTF01301D,"3,9",ISTITUTO TECNICO PER IL SETTORE TECNOLOGICO,75
76,76,29857,TNTF01351V,"3,9",ISTITUTO TECNICO PER IL SETTORE TECNOLOGICO SERALE,76
77,77,29877,TNPC02000A,"4,2",LICEO CLASSICO,77
78,78,29878,TNPC02000A,"4,2",LICEO LINGUISTICO,78
79,79,29879,TNPC02000A,"4,2",LICEO SCIENTIFICO,79
80,80,29880,TNPC02000A,"4,2",LICEO SCIENTIFICO OPZIONE SCIENZE APPLICATE,80
81,81,29883,TNPM01000X,"3,9",LICEO DELLE SCIENZE UMANE,81
82,82,29884,TNPM01000X,"3,9",LICEO DELLE SCIENZE UMANE OPZIONE ECONOMICO SOCIALE,82
83,83,29885,TNPM010509,"3,9",LICEO DELLE SCIENZE UMANE OPZIONE ECONOMICO SOCIALE SERALE,83
84,84,29887,TNPM006019,"3,8",LICEO CLASSICO,84
85,85,29888,TNPM006019,"3,8",LICEO DELLE SCIENZE UMANE,85
86,86,29889,TNPM006019,"3,8",LICEO DELLE SCIENZE UMANE OPZIONE ECONOMICO SOCIALE,86
87,87,29890,TNPS006018,"3,8",LICEO LINGUISTICO,87
88,88,29891,TNPS006018,"3,8",LICEO SCIENTIFICO,88
89,89,29892,TNPS006018,"3,8",LICEO SCIENTIFICO OPZIONE SCIENZE APPLICATE,89
90,90,29894,TNPM02000E,"3,9",LICEO DELLE SCIENZE UMANE,90
91,91,29895,TNPM02000E,"3,9",LICEO DELLE SCIENZE UMANE OPZIONE ECONOMICO SOCIALE,91
92,92,29897,TNPC04000G,"3,3",LICEO CLASSICO,92
93,93,29901,TNPS01000V,"4,1",LICEO SCIENTIFICO,93
94,94,29902,TNPS01000V,"4,1",LICEO SCIENTIFICO OPZIONE SCIENZE APPLICATE,94
95,95,29906,TNPS02000D,"4,5",LICEO SCIENTIFICO OPZIONE SCIENZE APPLICATE,95
96,96,29908,TNSD010009,"5,0",LICEO ARTISTICO,96
97,97,29909,TNPS09000Q,"5,0",LICEO LADINO DELLE LINGUE,97
98,98,29910,TNPS09000Q,"5,0",LICEO SCIENTIFICO,98
99,99,29912,TNEE85003X,"5,0","SCUOLA PRIMARIA ""DON L. GROSS"" POZZA DI FASSA",99
100,100,29913,TNEE85001T,"5,0","SCUOLA PRIMARIA ""G. RIZZI"" CANAZEI",100
101,101,29919,TNRI015007,"4,1",ISTITUTO PROFESSIONALE PER IL SETTORE DEI SERVIZI,101
102,102,29920,TNTN01500Q,"4,1",ISTITUTO TECNICO PER IL SETTORE ECONOMICO,102
103,103,29921,TNTE045005,"4,1",ISTITUTO TECNICO PER IL SETTORE TECNOLOGICO,103
104,104,29922,TNFP269STA,"4,1",SETTORE SERVIZI,104
105,105,29932,,"5,0",SCUOLA DELL'INFANZIA DI ANDALO,105
106,106,29938,,"5,0",SCUOLA DELL'INFANZIA DI BARCO DI LEVICO,106
107,107,29940,,"3,0",SCUOLA DELL'INFANZIA DI BOLOGNANO,107
108,108,29944,,"4,7",SCUOLA DELL'INFANZIA DI BORGO SACCO,108
109,109,29946,,"5,0",SCUOLA DELL'INFANZIA DI BORGO VALSUGANA,109
110,110,29948,,"5,0",SCUOLA DELL'INFANZIA DI BRENTONICO,110
111,111,29952,,"5,0",SCUOLA DELL'INFANZIA DI CALDONAZZO,111
112,112,29956,,"3,0",SCUOLA DELL'INFANZIA DI CAMPODENNO,112
113,113,30064,,"5,0",SCUOLA DELL'INFANZIA DI NOMI,113
114,114,30080,,"5,0",SCUOLA DELL'INFANZIA DI PIEVE TESINO,114
115,115,30090,,"5,0",SCUOLA DELL'INFANZIA DI POVO,115
116,116,30096,,"5,0",SCUOLA DELL'INFANZIA DI PRESSANO,116
117,117,30104,,"5,0","SCUOLA DELL'INFANZIA DI RIVA ""DEGASPERI""",117
118,118,30166,,"4,0",SCUOLA DELL'INFANZIA DI TENNO,118
119,119,30172,,"5,0",SCUOLA DELL'INFANZIA DI TONADICO,119
120,120,30182,,"5,0","SCUOLA DELL'INFANZIA DI TRENTO ""PEDROTTI""",120
121,121,30188,,"5,0",SCUOLA DELL'INFANZIA DI TRENTO S. BARTOLOMEO,121
122,122,30194,,"5,0","SCUOLA DELL'INFANZIA DI TRENTO COGNOLA ""B. KOFLER""",122
123,123,30196,,"5,0",SCUOLA DELL'INFANZIA DI TRENTO LA CLARINA,123
124,124,30202,,"4,5",SCUOLA DELL'INFANZIA DI VARONE,124
125,125,30204,,"4,0",SCUOLA DELL'INFANZIA DI VERMIGLIO,125
126,126,30014,,"5,0",SCUOLA DELL'INFANZIA DI ISCHIA DI PERGINE,126
127,127,30022,,"5,0",SCUOLA DELL'INFANZIA DI LONA,127
128,128,30026,,"5,0",SCUOLA DELL'INFANZIA DI MADRANO,128
129,129,30034,,"5,0",SCUOLA DELL'INFANZIA DI MARTIGNANO,129
130,130,30040,,"5,0",SCUOLA DELL'INFANZIA DI MECHEL,130
131,131,30044,,"5,0",SCUOLA DELL'INFANZIA DI MEZZOCORONA,131
132,132,30054,,"5,0",SCUOLA DELL'INFANZIA DI MOLVENO,132
133,133,30058,,"5,0",SCUOLA DELL'INFANZIA DI MORI,133
134,134,30120,,"5,0","SCUOLA DELL'INFANZIA DI ROVERETO ""ROSMINI""",134
135,135,30122,,"5,0",SCUOLA DELL'INFANZIA DI S. CROCE BLEGGIO,135
136,136,30128,,"5,0",SCUOLA DELL'INFANZIA DI SABBIONARA,136
137,137,30136,,"3,0",SCUOLA DELL'INFANZIA DI SEGNO,137
138,138,30148,,"5,0",SCUOLA DELL'INFANZIA DI SOPRAMONTE,138
139,139,29972,,"5,0",SCUOLA DELL'INFANZIA DI CAVEDINE,139
140,140,29974,,"3,5",SCUOLA DELL'INFANZIA DI CEMBRA,140
141,141,30008,,"5,0",SCUOLA DELL'INFANZIA DI GARDOLO,141
142,142,29704,TNEE85806N,"4,5","SCUOLA PRIMARIA ""A. DEGASPERI"" SARDAGNA",142
143,143,29705,TNEE85802D,"4,2","SCUOLA PRIMARIA ""A. SCHMID"" CRISTO RE TRENTO",143
144,144,29706,TNEE85801C,"4,2","SCUOLA PRIMARIA ""BEATO S. BELLESINI"" TRENTO",144
145,145,29708,TNEE85803E,"5,0","SCUOLA PRIMARIA ""SAN VIGILIO"" VELA",145
146,146,29710,TNMM85801B,"4,2","SCUOLA SECONDARIA DI PRIMO GRADO ""A. MANZONI"" TRENTO",146
147,147,29732,TNEE844101,"4,7",SCUOLA PRIMARIA PIETRAMURATA,147
148,148,29734,TNEE84402G,"4,5",SCUOLA PRIMARIA TERLAGO,148
149,149,29735,TNEE84403L,"4,0",SCUOLA PRIMARIA VEZZANO,149
150,150,29738,TNMM84403G,"2,3","SCUOLA SECONDARIA DI PRIMO GRADO ""NUOVA EUROPA"" DRO",150
151,151,29748,TNEE803018,"5,0",SCUOLA PRIMARIA VIGOLO VATTARO,151
152,152,29749,TNMM803017,"5,0",SCUOLA SECONDARIA DI PRIMO GRADO VIGOLO VATTARO,152
153,153,29751,TNEE84606B,"2,0","SCUOLA PRIMARIA ""L. VICENTINI"" NOMI",153
154,154,29752,TNEE846038,"4,0","SCUOLA PRIMARIA ""P. LODRON"" VILLA LAGARINA",154
155,155,29755,TNMM846015,"3,0","SCUOLA SECONDARIA DI PRIMO GRADO ""A. FRANK"" VILLA LAGARINA",155
156,156,29512,TNEE817038,"2,5","SCUOLA PRIMARIA ""A. GIRARDI"" FORNACE",156
157,157,29514,TNEE817049,"5,0",SCUOLA PRIMARIA ALBIANO,157
158,158,29516,TNMM817015,"2,5","SCUOLA SECONDARIA DI PRIMO GRADO ""G. ALESSANDRINI"" CIVEZZANO",158
159,159,29517,TNMM817026,"5,0",SCUOLA SECONDARIA DI PRIMO GRADO ALBIANO,159
160,160,29529,TNMM838027,"5,0","SCUOLA SECONDARIA DI PRIMO GRADO ""G. PASCOLI"" PIEVE DI BONO",160
161,161,29396,,"3,7","SCUOLA DELL'INFANZIA DI ROVERETO ""C. BATTISTI""",161
162,162,29403,,"4,0",SCUOLA DELL'INFANZIA DI TERRAGNOLO PIAZZA,162
163,163,29404,,"4,7","SCUOLA DELL'INFANZIA DI TIERNO MORI ""IL GIRASOLE""",163
164,164,134612,TNTN04500G,"3,8",ISTITUTO TECNICO PER IL SETTORE TECNOLOGICO,164
165,165,29413,TNTN04500G,"3,8",ISTITUTO TECNICO PER IL SETTORE ECONOMICO,165
166,166,29414,TNPS00500B,"3,8",LICEO SCIENTIFICO OPZIONE SCIENZE APPLICATE,166
167,167,29415,TN1E00800N,"3,8",SCUOLA PRIMARIA GARDASCUOLA ARCO,167
168,168,29416,TN1M00800V,"3,8",SCUOLA SECONDARIA DI PRIMO GRADO GARDASCUOLA ARCO,168
169,169,29419,TNCF002001,"3,0",SETTORE INDUSTRIA E ARTIGIANATO,169
170,170,29420,,"3,0",SETTORE INDUSTRIA E ARTIGIANATO SERALE,170
171,171,29422,TNEE84801T,"3,0","SCUOLA PRIMARIA ""A. BETTA"" ALA",171
172,172,29426,TNEE82102V,"5,0",SCUOLA PRIMARIA ALDENO,172
173,173,29428,TNEE821041,"4,2",SCUOLA PRIMARIA MATTARELLO,173
174,174,29430,TNMM82102T,"4,0","SCUOLA SECONDARIA DI PRIMO GRADO ""A. FOGAZZARO"" MATTARELLO",174
175,175,29434,TNEE83204B,"4,0",SCUOLA PRIMARIA COGOLO DI PEIO,175
176,176,29435,TNEE83208G,"4,0",SCUOLA PRIMARIA COMMEZZADURA,176
177,177,29436,TNEE83207E,"4,0",SCUOLA PRIMARIA PASSO TONALE,177
178,178,29438,TNEE83206D,"4,0",SCUOLA PRIMARIA VERMIGLIO,178
179,179,29439,TNMM832017,"4,0","SCUOLA SECONDARIA DI PRIMO GRADO ""C. ZANELLA"" FUCINE DI OSSANA",179
180,180,29441,TNEE86002D,"3,7","SCUOLA PRIMARIA ""A.DE VALENTINI"" CALLIANO",180
181,181,29442,TNEE86003E,"3,7","SCUOLA PRIMARIA ""G. TOVAZZI"" VOLANO",181
182,182,29444,TNMM86001B,"5,0","SCUOLA SECONDARIA DI PRIMO GRADO ""ALTA VALLAGARINA"" VOLANO",182
183,183,29446,TNEE81605E,"4,0","SCUOLA PRIMARIA ""ABRAMO ANDREATTA"" BEDOLLO",183
184,184,29447,TNEE81601A,"5,0","SCUOLA PRIMARIA ""G. DALLAFIOR"" BASELGA DI PINE'",184
185,185,29449,TNMM816019,"5,0","SCUOLA SECONDARIA DI PRIMO GRADO ""DON GIUSEPPE TARTER""BASELGA DI PINE'",185
186,186,29451,TNEE840039,"5,0","SCUOLA PRIMARIA ""G. SEGANTINI"" ARCO",186
187,187,29452,TNEE840017,"5,0",SCUOLA PRIMARIA BOLOGNANO,187
188,188,29454,TNEE84004A,"5,0",SCUOLA PRIMARIA ROMARZOLLO,188
189,189,29455,TNMM840016,"3,1","SCUOLA SECONDARIA DI PRIMO GRADO ""N. D'ARCO"" ARCO",189
190,190,29607,TNEE81402Q,"4,5","SCUOLA PRIMARIA ""DON L. MILANI"" PERGINE VALSUGANA",190
191,191,29611,TNEE814071,"4,0",SCUOLA PRIMARIA ZIVIGNAGO,191
192,192,29612,TNMM81401N,"4,0","SCUOLA SECONDARIA DI PRIMO GRADO ""C. ANDREATTA"" PERGINE VALSUGANA",192
193,193,29614,TNEE81501E,"5,0","SCUOLA PRIMARIA ""G. RODARI"" PERGINE VALSUGANA",193
194,194,29615,TNEE81502G,"5,0",SCUOLA PRIMARIA CANALE,194
195,195,29616,TNEE81504N,"5,0",SCUOLA PRIMARIA MADRANO,195
196,196,29618,TNMM81501D,"5,0","SCUOLA SECONDARIA DI PRIMO GRADO ""T. GARBARI"" PERGINE VALSUGANA",196
197,197,29633,TNEE842031,"5,0","SCUOLA PRIMARIA ""G. FEDRIGONI"" VARONE RIVA DEL GARDA",197
198,198,29645,TNEE85903A,"4,3","SCUOLA PRIMARIA ""M. K. GANDHI"" ROVERETO",198
199,199,29646,TNMM859017,"4,3","SCUOLA SECONDARIA DI PRIMO GRADO ""L. NEGRELLI"" ROVERETO",199
200,200,29653,TNEE80102N,"5,0","SCUOLA PRIMARIA ""A. DEGASPERI"" PIEVE TESINO",200
201,201,29655,TNEE80104Q,"4,8",SCUOLA PRIMARIA SAMONE,201
202,202,29656,TNEE80105R,"5,0",SCUOLA PRIMARIA SCURELLE,202
203,203,29657,TNEE80106T,"5,0",SCUOLA PRIMARIA STRIGNO,203
204,204,29658,TNEE80107V,"5,0",SCUOLA PRIMARIA VILLA AGNEDO,204
205,205,29659,TNMM80102L,"5,0","SCUOLA SECONDARIA DI PRIMO GRADO ""O. BRENTARI"" STRIGNO",205
206,206,29564,TNEE83704E,"5,0",SCUOLA PRIMARIA CAMPO LOMASO,206
207,207,29567,TNMM83701A,"5,0","SCUOLA SECONDARIA DI PRIMO GRADO ""G. PRATI"" PONTE ARCHE",207
208,208,29574,TNEE825037,"4,0","SCUOLA PRIMARIA ""A. FRANK"" ZAMBANA",208
209,209,29575,TNEE825015,"4,5","SCUOLA PRIMARIA ""DON G. GRAZIOLI"" LAVIS",209
210,210,29576,TNEE825026,"5,0",SCUOLA PRIMARIA PRESSANO LAVIS,210
211,211,29577,TNMM825014,"4,8","SCUOLA SECONDARIA DI PRIMO GRADO ""A. STAINER"" LAVIS",211
212,212,29581,TNEE818012,"5,0","SCUOLA PRIMARIA ""PADRE B. MARTINELLI"" CALCERANICA AL LAGO",212
213,213,29582,TNEE818034,"5,0",SCUOLA PRIMARIA LEVICO TERME,213
214,214,29583,TNMM818011,"5,0","SCUOLA SECONDARIA DI PRIMO GRADO ""G. B. DE GASPARIS"" LEVICO TERME",214
215,215,29585,TNEE82304L,"3,4","SCUOLA PRIMARIA ""A. DEGASPERI"" MEZZOCORONA",215
216,216,29588,TNEE82301D,"5,0",SCUOLA PRIMARIA GRUMO,216
217,217,29589,TNMM82301C,"4,8","SCUOLA SECONDARIA DI PRIMO GRADO ""E. CHINI"" MEZZOCORONA",217
218,218,29593,TNEE82407G,"3,0","SCUOLA PRIMARIA ""L. NICOLUSSI"" MOLVENO",218
219,219,29459,TNMM847011,"3,0","SCUOLA SECONDARIA DI PRIMO GRADO ""D. ALIGHIERI"" AVIO",219
220,220,29479,TNEE812024,"4,0",SCUOLA PRIMARIA GRIGNO,220
221,221,29480,TNMM812012,"4,3","SCUOLA SECONDARIA DI PRIMO GRADO ""ORA E VEGLIA"" BORGO VALSUGANA",221
222,222,29481,TNMM812023,"4,0","SCUOLA SECONDARIA DI PRIMO GRADO ""S. FANTE"" GRIGNO",222
223,223,29493,TNEE82206V,"4,5","SCUOLA PRIMARIA ""DON L. MILANI"" LASES",223
224,224,29495,TNEE822081,"4,0","SCUOLA PRIMARIA ""P. SARTORI"" SOVER",224
225,225,29499,TNMM82201L,"4,0","SCUOLA SECONDARIA DI PRIMO GRADO ""A. VIELMETTI"" CEMBRA",225
226,226,29664,TNEE826033,"3,8",SCUOLA PRIMARIA TAIO,226
227,227,29665,TNMM826021,"3,8","SCUOLA SECONDARIA DI PRIMO GRADO ""F. BARBACOVI"" COREDO",227
228,228,29666,TNMM82601X,"3,8","SCUOLA SECONDARIA DI PRIMO GRADO ""F. BARBACOVI"" TAIO",228
229,229,29677,TNEE81901T,"3,3","SCUOLA PRIMARIA ""U. MOGGIOLI"" POVO",229
230,230,29678,TNMM81901R,"3,8","SCUOLA SECONDARIA DI PRIMO GRADO ""G. PASCOLI"" POVO",230
231,231,29680,TNEE820012,"5,0","SCUOLA PRIMARIA ""E. BERNARDI"" COGNOLA",231
232,232,29681,TNEE820045,"4,7","SCUOLA PRIMARIA ""R. BELENZANI"" S.VITO",232
233,233,29682,TNEE820034,"5,0","SCUOLA PRIMARIA ""R. ZANDONAI"" MARTIGNANO",233
234,234,29684,TNMM820011,"4,1","SCUOLA SECONDARIA DI PRIMO GRADO ""ARGENTARIO"" TRENTO",234
235,235,29686,TNEE85604X,"5,0","SCUOLA PRIMARIA ""A. NICOLODI"" TRENTO",235
236,236,29687,TNEE85601R,"5,0","SCUOLA PRIMARIA ""D. SAVIO"" TRENTO",236
237,237,29688,TNEE85602T,"3,0","SCUOLA PRIMARIA ""G. B. DE GASPARI"" TRENTO",237
238,238,29690,TNMM85601Q,"4,0","SCUOLA SECONDARIA DI PRIMO GRADO ""BRONZETTI - SEGANTINI"" TRENTO",238
239,239,29692,TNEE85701L,"4,1",SCUOLA PRIMARIA CLARINA TRENTO,239
240,240,29693,TNEE85702N,"5,0",SCUOLA PRIMARIA LOCALITA' MADONNA BIANCA TRENTO,240
241,241,29694,TNEE85703P,"3,5",SCUOLA PRIMARIA OSPEDALE INFANTILE TRENTO,241
242,242,29695,TNMM85701G,"3,0","SCUOLA SECONDARIA DI PRIMO GRADO ""O. WINKLER"" TRENTO",242
243,243,29700,TNEE85201D,"4,5","SCUOLA PRIMARIA ""R. SANZIO"" TRENTO",243
244,244,29702,TNMM85201C,"2,8","SCUOLA SECONDARIA DI PRIMO GRADO ""G. BRESADOLA"" TRENTO",244
245,245,29762,TNTD002505,"4,5",ISTITUTO PROFESSIONALE PER I SERVIZI SANITARI SERALE,245
246,246,29763,TNTD00201R,"4,5",ISTITUTO TECNICO PER IL SETTORE ECONOMICO,246
247,247,29764,TNTD002505,"4,5",ISTITUTO TECNICO PER IL SETTORE ECONOMICO SERALE,247
248,248,29765,TNTD00201R,"4,5",ISTITUTO TECNICO PER IL SETTORE TECNOLOGICO,248
249,249,29766,TNTD002505,"4,5",ISTITUTO TECNICO PER IL SETTORE TECNOLOGICO SERALE,249
250,250,29767,TNPS002011,"4,5",LICEO DELLE SCIENZE UMANE,250
251,251,29768,TNPS002011,"4,5",LICEO SCIENTIFICO,251
252,252,29769,TNPS002011,"4,5",LICEO SCIENTIFICO OPZIONE SCIENZE APPLICATE,252
253,253,29773,TNTD00701X,"4,5",ISTITUTO TECNICO PER IL SETTORE ECONOMICO,253
254,254,29774,TNTD007519,"4,5",ISTITUTO TECNICO PER IL SETTORE ECONOMICO SERALE,254
255,255,29775,TNTD00701X,"4,5",ISTITUTO TECNICO PER IL SETTORE TECNOLOGICO,255
256,256,29776,TNTD007519,"4,5",ISTITUTO TECNICO PER IL SETTORE TECNOLOGICO SERALE,256
257,257,29777,TNPS007014,"4,5",LICEO DELLE SCIENZE UMANE,257
258,258,29778,TNPS007014,"4,5",LICEO LINGUISTICO,258
259,259,29779,TNPS007014,"4,5",LICEO SCIENTIFICO,259
260,260,29780,TNPS007014,"4,5",LICEO SCIENTIFICO OPZIONE SCIENZE APPLICATE,260
261,261,29791,TNCT703003,"3,6",EDUCAZIONE PER ADULTI RELATIVA AL PRIMO CICLO,261
262,262,29792,TNRC004015,"1,0",ISTITUTO TECNICO PER IL SETTORE ECONOMICO - LEVICO,262
263,263,29793,TNTD00401C,"3,6",ISTITUTO TECNICO PER IL SETTORE ECONOMICO - PERGINE,263
264,264,29794,TNTD00450R,"3,6",ISTITUTO TECNICO PER IL SETTORE ECONOMICO SERALE,264
265,265,29795,TNTD00401C,"3,6",ISTITUTO TECNICO PER IL SETTORE TECNOLOGICO,265
266,266,29796,TNTD00450R,"3,6",ISTITUTO TECNICO PER IL SETTORE TECNOLOGICO SERALE,266
267,267,29797,TNPS00401L,"3,6",LICEO DELLE SCIENZE UMANE,267
268,268,29798,TNPS00401L,"3,6",LICEO DELLE SCIENZE UMANE OPZIONE ECONOMICO SOCIALE,268
269,269,29799,TNPS00401L,"3,6",LICEO LINGUISTICO,269
270,270,29800,TNPS00401L,"3,6",LICEO SCIENTIFICO,270
271,271,29371,,"4,5","SCUOLA DELL'INFANZIA DI ZAMBANA ""GIROTONDO""",271
272,272,29381,,"5,0","SCUOLA DELL'INFANZIA DI S.MICHELE ALL' ADIGE ""IL GERMOGLIO""",272
273,273,29243,TN1M00900P,"5,0","SCUOLA SECONDARIA DI PRIMO GRADO ""LA VELA"" ROVERETO",273
274,274,29862,TNCF011001,"4,3",SETTORE SERVIZI,274
275,275,29863,,"4,3",SETTORE SERVIZI SERALE,275
276,276,92004,TNCF011001,"4,3",SETTORE INDUSTRIA E ARTIGIANATO,276
277,277,122612,TNCF010001,"4,1",SETTORE INDUSTRIA E ARTIGIANATO,277
278,278,29859,TNCF010001,"4,1",SETTORE SERVIZI,278
279,279,76225,,"4,1",SETTORE SERVIZI SERALE,279
280,280,29531,TNTD170007,"4,3",ISTITUTO TECNICO PER IL SETTORE ECONOMICO,280
281,281,29532,TNTD170007,"4,3",ISTITUTO TECNICO PER IL SETTORE TECNOLOGICO,281
282,282,29534,TNPS100005,"4,3",LICEO SCIENTIFICO OPZIONE SCIENZE APPLICATE,282
283,283,29537,TNEE81001B,"4,3","SCUOLA PRIMARIA ""F. LOSS"" CANAL SAN BOVO",283
284,284,29539,TNMM81002B,"4,3","SCUOLA SECONDARIA DI PRIMO GRADO ""L. NEGRELLI"" - FIERA DI PRIMIERO",284
285,285,29604,TNMM84901L,"4,0","SCUOLA SECONDARIA DI PRIMO GRADO ""B. MALFATTI"" MORI",285
286,286,29847,TNCT702007,"2,8",EDUCAZIONE PER ADULTI RELATIVA AL PRIMO CICLO,286
287,287,29848,TNTD00801Q,"2,8",ISTITUTO TECNICO PER IL SETTORE ECONOMICO,287
288,288,29849,TNTD008515,"2,8",ISTITUTO TECNICO PER IL SETTORE ECONOMICO SERALE,288
289,289,29850,TNTD00801Q,"2,8",ISTITUTO TECNICO PER IL SETTORE TECNOLOGICO,289
290,290,29851,TNTD008515,"2,8",ISTITUTO TECNICO PER IL SETTORE TECNOLOGICO SERALE,290
291,291,29866,,"3,6",SETTORE INDUSTRIA E ARTIGIANATO SERALE,291
292,292,29867,TNCF012001,"4,3",SETTORE SERVIZI,292
293,293,29868,,"4,3",SETTORE SERVIZI SERALE,293
294,294,29462,TNEE82901C,"5,0","SCUOLA PRIMARIA ""M. PEZZI"" CAMPODENNO",294
295,295,29463,TNEE82903E,"5,0","SCUOLA PRIMARIA ""MONS. S. WEBER"" DENNO",295
296,296,29464,TNEE82907P,"5,0","SCUOLA PRIMARIA ""V. MAISTRELLI"" TUENNO",296
297,297,29467,TNEE82905L,"5,0",SCUOLA PRIMARIA VIGO TON,297
298,298,29469,TNMM82901B,"5,0","SCUOLA SECONDARIA DI PRIMO GRADO ""V. VIELMETTI"" DENNO",298
299,299,29714,TNEE85103Q,"4,3","SCUOLA PRIMARIA ""PIGARELLI"" GARDOLO TRENTO",299
300,300,29715,TNEE85104R,"5,0","SCUOLA PRIMARIA ""S. ANNA"" GARDOLO TRENTO",300
301,301,29716,TNMM85101L,"2,3","SCUOLA SECONDARIA DI PRIMO GRADO ""S. PEDROLLI"" GARDOLO TRENTO",301
302,302,29811,TNRC009018,"4,6",ISTITUTO PROFESSIONALE PER IL SETTORE DEI SERVIZI,302
303,303,29812,TNRC00951N,"4,6",ISTITUTO PROFESSIONALE PER IL SETTORE DEI SERVIZI SERALE,303
304,304,29813,TNTD00901G,"4,6",ISTITUTO TECNICO PER IL SETTORE ECONOMICO,304
305,305,29814,TNTD00950X,"4,6",ISTITUTO TECNICO PER IL SETTORE ECONOMICO SERALE,305
306,306,29870,TNPC01000Q,"3,4",LICEO CLASSICO,306
307,307,29871,TNPC01000Q,"3,4",LICEO DELLE SCIENZE UMANE,307
308,308,29872,TNPC01000Q,"3,4",LICEO LINGUISTICO,308
309,309,29873,TNPC01000Q,"3,4",LICEO MUSICALE E COREUTICO,309
310,310,29874,TNPC01000Q,"3,4",LICEO SCIENTIFICO,310
311,311,29875,TNPC01000Q,"3,4",LICEO SCIENTIFICO OPZIONE SCIENZE APPLICATE,311
312,312,29649,TNEE855011,"4,8","SCUOLA PRIMARIA ""D. ALIGHIERI"" ROVERETO",312
313,313,29650,TNEE855022,"4,5","SCUOLA PRIMARIA ""F. GUELLA"" LIZZANA",313
314,314,29651,TNMM85501X,"4,0","SCUOLA SECONDARIA DI PRIMO GRADO ""F. HALBHERR"" ROVERETO",314
315,315,29522,TNMM83101B,"4,5","SCUOLA SECONDARIA DI PRIMO GRADO ""V. INAMA"" CLES",315
316,316,29899,TNPS11000Q,"2,7",LICEO LINGUISTICO,316
317,317,29626,TNEE841013,"4,0","SCUOLA PRIMARIA ""N. PERNICI"" RIVA DEL GARDA",317
318,318,29630,TNMM841012,"4,2","SCUOLA SECONDARIA DI PRIMO GRADO ""D. CHIESA"" RIVA DEL GARDA",318
319,319,29570,TNEE84502B,"4,0","SCUOLA PRIMARIA ""F.LLI FILZI"" ROVERETO",319
320,320,29572,TNMM845019,"3,4","SCUOLA SECONDARIA DI PRIMO GRADO ""A. DEGASPERI"" ROVERETO",320
321,321,29640,TNEE85302A,"5,0","SCUOLA PRIMARIA ""REGINA ELENA"" ROVERETO",321
322,322,29642,TNMM853018,"4,8","SCUOLA SECONDARIA DI PRIMO GRADO ""D. CHIESA"" ROVERETO",322
323,323,92010,,"4,4","SCUOLA DELL'INFANZIA DI TRENTO ""SACRO CUORE""",323
324,324,29390,,"1,0","SCUOLA DELL'INFANZIA DI RIVA ""RIONE 2 GIUGNO""",324
325,325,29391,,"5,0",SCUOLA DELL'INFANZIA DI ROMARZOLLO,325
326,326,29393,,"5,0",SCUOLA DELL'INFANZIA DI ZUCLO BOLBENO,326
327,327,29363,,"5,0","SCUOLA DELL'INFANZIA DI TRENTO RONCAFORT ""MARGIT LEVINSON""",327
328,328,29313,,"5,0","SCUOLA DELL'INFANZIA DI CAVARENO ""PETER PAN""",328
329,329,29317,,"3,0",SCUOLA DELL'INFANZIA DI MIONE RUMO,329
330,330,29343,,"4,5","SCUOLA DELL'INFANZIA DI TRENTO VILLAZZANO 3 ""L'OFFICINA DEGLI GNOMI""",330
331,331,29344,,"5,0","SCUOLA DELL'INFANZIA DI TRENTO CLARINA ""PICCOLO MONDO""",331
332,332,29347,,"5,0",SCUOLA DELL'INFANZIA DI TRENTO S.MARTINO,332
333,333,29310,,"4,0","SCUOLA DELL'INFANZIA DI ROVERETO RIONE NORD ""MILLE COLORI""",333
334,334,29926,,"4,0",SCUOLA DELL'INFANZIA DI ALA,334
335,335,30016,,"5,0","SCUOLA DELL'INFANZIA DI LAVIS ""MADRE MADDALENA DI CANOSSA""",335
336,336,30180,,"4,5","SCUOLA DELL'INFANZIA DI TRENTO ""A. TAMBOSI""",336
337,337,30190,,"5,0","SCUOLA DELL'INFANZIA DI TRENTO ""G.B. ZANELLA""",337
338,338,92006,,"5,0",SCUOLA DELL'INFANZIA DI CAVALESE,338
339,339,29992,,"5,0",SCUOLA DELL'INFANZIA DI DAONE,339
340,340,29924,,"5,0","SCUOLA DELL'INFANZIA DI BREGUZZO - BONDO ""GIUSEPPINA BONAZZA""",340
341,341,29411,TNCF006001,"4,7",SETTORE AGRICOLTURA E AMBIENTE,341
342,342,29256,TNFP252STA,"5,0",SETTORE SERVIZI,342
343,343,29251,TNFP250STA,"4,3",SETTORE INDUSTRIA E ARTIGIANATO,343
