,school_id,miur_code,score,school_name
0,29503,TNEE813064,"5,0","SCUOLA PRIMARIA ""C. CORRADI"" NOVALEDO"
1,29504,TNEE813075,"5,0","SCUOLA PRIMARIA ""P. MARTINELLI"" RONCEGNO TERME"
2,29510,TNMM81302V,"5,0","SCUOLA SECONDARIA DI PRIMO GRADO ""M. POLA"" RONCEGNO TERME"
3,29783,TNTD001011,"5,0",ISTITUTO TECNICO PER IL SETTORE ECONOMICO - PREDAZZO
4,29784,TNTD001509,"5,0",ISTITUTO TECNICO PER IL SETTORE ECONOMICO SERALE - PREDAZZO
5,29785,TNTL00101B,"4,7",ISTITUTO TECNICO PER IL SETTORE TECNOLOGICO
6,29786,TNTD001509,"5,0",ISTITUTO TECNICO PER IL SETTORE TECNOLOGICO SERALE - PREDAZZO
7,29787,TNPS001015,"4,7",LICEO DELLE SCIENZE UMANE OPZIONE ECONOMICO SOCIALE
8,29788,TNPS001015,"4,7",LICEO LINGUISTICO
9,29789,TNPS001015,"4,7",LICEO SCIENTIFICO
10,65579,TNPS001015,"4,7",LICEO DELLE SCIENZE UMANE
11,65577,TNMM861017,"1,0",SCUOLA SECONDARIA DI PRIMO GRADO BRENTONICO
12,29225,TN1E00900D,"2,6",ASSOCIAZIONE R. STEINER - PRIMARIA
13,29226,TN1M007003,"2,6",ASSOCIAZIONE R. STEINER - SECONDARIA I GRADO
14,29228,,"5,0",ASILO COLLE FIORITO
15,29230,TNTD37500F,"3,9",ISTITUTO TECNICO PER IL SETTORE ECONOMICO
16,29231,TNTD37500F,"3,9",ISTITUTO TECNICO PER IL SETTORE TECNOLOGICO
17,29232,TNPC01500V,"3,9",LICEO CLASSICO ARCIVESCOVILE - TRENTO
18,29233,TNPL085003,"3,9",LICEO LINGUISTICO ARCIVESCOVILE - TRENTO
19,29234,TNPS015002,"3,9",LICEO SCIENTIFICO ARCIVESCOVILE - TRENTO
20,29235,TN1E00100V,"3,9",SCUOLA PRIMARIA ARCIVESCOVILE TRENTO
21,29236,TN1M00400G,"3,9",SCUOLA SECONDARIA DI PRIMO GRADO ARCIVESCOVILE TRENTO
22,29238,TNPL005006,"5,0",LICEO LINGUISTICO ARCIVESCOVILE DAME INGLESI - ROVERETO
23,29239,TN1E006002,"5,0",SCUOLA PRIMARIA ARCIVESCOVILE DAME INGLESI ROVERETO
24,29240,TN1M00200X,"5,0",SCUOLA SECONDARIA DI PRIMO GRADO ARCIVESCOVILE DAME INGLESI ROVERETO
25,29245,TN1E005006,"5,0",SCUOLA PRIMARIA SACRA FAMIGLIA TRENTO
26,29247,TNCF009001,"4,5",SETTORE INDUSTRIA E ARTIGIANATO
27,29249,TNFP249STA,"3,3",SETTORE INDUSTRIA E ARTIGIANATO
28,29333,,"4,3","SCUOLA DELL'INFANZIA DI LEVICO TERME ""TAITA MARCOS"""
29,29351,,"2,5","SCUOLA DELL'INFANZIA DI TRENTO MATTARELLO ""IL CASTELLO"""
30,29354,,"3,0","SCUOLA DELL'INFANZIA DI TRENTO S.GIUSEPPE ""MASO GINOCCHIO - COLLODI"""
31,29254,TNFP251STA,"5,0",SETTORE INDUSTRIA E ARTIGIANATO
32,29258,TNFP254STA,"4,0",SETTORE INDUSTRIA E ARTIGIANATO
33,29259,TNFP254STA,"4,0",SETTORE SERVIZI
34,29261,TNCF001001,"3,7",SETTORE INDUSTRIA E ARTIGIANATO
35,29262,TNCF001001,"3,7",SETTORE SERVIZI
36,29264,TNCF007001,"5,0",SETTORE SERVIZI
37,29267,,"3,6",SETTORE INDUSTRIA E ARTIGIANATO SERALE
38,29269,TNFP272STA,"4,0",SETTORE SERVIZI
39,29273,TNCF004001,"4,5",SETTORE INDUSTRIA E ARTIGIANATO
40,29275,TNFP261STA,"5,0",SETTORE SERVIZI
41,29277,TNFP262STA,"4,7",SETTORE SERVIZI
42,29284,,"4,2",SETTORE SERVIZI SERALE
43,29286,TNFP253STA,"5,0",SETTORE INDUSTRIA E ARTIGIANATO
44,29287,TNFP253STA,"5,0",SETTORE SERVIZI
45,29803,TNTD00301L,"4,7",ISTITUTO TECNICO PER IL SETTORE ECONOMICO
46,29804,TNRC00350N,"4,7",ISTITUTO TECNICO PER IL SETTORE ECONOMICO SERALE
47,29805,TNTD00301L,"4,7",ISTITUTO TECNICO PER IL SETTORE TECNOLOGICO
48,29806,TNPS00301R,"4,7",LICEO DELLE SCIENZE UMANE OPZIONE ECONOMICO SOCIALE
49,29807,TNPS00301R,"4,7",LICEO SCIENTIFICO
50,29808,TNPS00301R,"4,7",LICEO SCIENTIFICO OPZIONE SCIENZE APPLICATE
51,29816,TNSD020011,"4,9","LICEO ARTISTICO ""DEPERO""- ROVERETO"
52,29817,TNSD02000X,"4,3","LICEO ARTISTICO ""VITTORIA"" - TRENTO"
53,29819,TNSD02000X,"4,6",LICEO MUSICALE COREUTICO
54,29821,TNTD035003,"4,4",ISTITUTO TECNICO PER IL SETTORE ECONOMICO
55,29822,TNTD035003,"4,4",ISTITUTO TECNICO PER IL SETTORE TECNOLOGICO
56,29823,TNPM015003,"4,4",LICEO ARTISTICO
57,29824,TNPM015003,"4,4",LICEO DELLE SCIENZE UMANE
58,29825,TN1E00300E,"4,4",SCUOLA PRIMARIA SACRO CUORE TRENTO
59,29826,TN1M006007,"4,4",SCUOLA SECONDARIA DI PRIMO GRADO SACRO CUORE TRENTO
60,29828,TN1M00500B,"4,5",SCUOLA SECONDARIA DI PRIMO GRADO MARIA AUSILIATRICE TRENTO
61,29830,TN1E00200P,"4,0",SCUOLA PRIMARIA SANTA CROCE MEZZANO
62,29831,TN1M001004,"4,0",SCUOLA SECONDARIA DI PRIMO GRADO SANTA CROCE MEZZANO
63,29833,TNTD18000T,"3,6",ISTITUTO TECNICO PER IL SETTORE ECONOMICO
64,29834,TNTD180507,"3,6",ISTITUTO TECNICO PER IL SETTORE ECONOMICO SERALE
65,29837,TNTD100001,"4,6",ISTITUTO TECNICO PER IL SETTORE ECONOMICO
66,29838,TNTD10050A,"4,6",ISTITUTO TECNICO PER IL SETTORE ECONOMICO SERALE
67,29839,TNTD100001,"4,6",ISTITUTO TECNICO PER IL SETTORE TECNOLOGICO
68,29840,TNTD10050A,"4,6",ISTITUTO TECNICO PER IL SETTORE TECNOLOGICO SERALE
69,29842,TNTD020009,"3,9",ISTITUTO TECNICO PER IL SETTORE ECONOMICO
70,29843,TNTD02050P,"3,9",ISTITUTO TECNICO PER IL SETTORE ECONOMICO SERALE
71,29844,TNTD020009,"3,9",ISTITUTO TECNICO PER IL SETTORE TECNOLOGICO
72,29845,TNTD02050P,"3,9",ISTITUTO TECNICO PER IL SETTORE TECNOLOGICO SERALE
73,29853,TNTF02000G,"3,9",ISTITUTO TECNICO PER IL SETTORE TECNOLOGICO
74,29854,TNTF020501,"3,9",ISTITUTO TECNICO PER IL SETTORE TECNOLOGICO SERALE
75,29856,TNTF01301D,"3,9",ISTITUTO TECNICO PER IL SETTORE TECNOLOGICO
76,29857,TNTF01351V,"3,9",ISTITUTO TECNICO PER IL SETTORE TECNOLOGICO SERALE
77,29877,TNPC02000A,"4,2",LICEO CLASSICO
78,29878,TNPC02000A,"4,2",LICEO LINGUISTICO
79,29879,TNPC02000A,"4,2",LICEO SCIENTIFICO
80,29880,TNPC02000A,"4,2",LICEO SCIENTIFICO OPZIONE SCIENZE APPLICATE
81,29883,TNPM01000X,"3,9",LICEO DELLE SCIENZE UMANE
82,29884,TNPM01000X,"3,9",LICEO DELLE SCIENZE UMANE OPZIONE ECONOMICO SOCIALE
83,29885,TNPM010509,"3,9",LICEO DELLE SCIENZE UMANE OPZIONE ECONOMICO SOCIALE SERALE
84,29887,TNPM006019,"3,8",LICEO CLASSICO
85,29888,TNPM006019,"3,8",LICEO DELLE SCIENZE UMANE
86,29889,TNPM006019,"3,8",LICEO DELLE SCIENZE UMANE OPZIONE ECONOMICO SOCIALE
87,29890,TNPS006018,"3,8",LICEO LINGUISTICO
88,29891,TNPS006018,"3,8",LICEO SCIENTIFICO
89,29892,TNPS006018,"3,8",LICEO SCIENTIFICO OPZIONE SCIENZE APPLICATE
90,29894,TNPM02000E,"3,9",LICEO DELLE SCIENZE UMANE
91,29895,TNPM02000E,"3,9",LICEO DELLE SCIENZE UMANE OPZIONE ECONOMICO SOCIALE
92,29897,TNPC04000G,"3,3",LICEO CLASSICO
93,29901,TNPS01000V,"4,1",LICEO SCIENTIFICO
94,29902,TNPS01000V,"4,1",LICEO SCIENTIFICO OPZIONE SCIENZE APPLICATE
95,29906,TNPS02000D,"4,5",LICEO SCIENTIFICO OPZIONE SCIENZE APPLICATE
96,29908,TNSD010009,"5,0",LICEO ARTISTICO
97,29909,TNPS09000Q,"5,0",LICEO LADINO DELLE LINGUE
98,29910,TNPS09000Q,"5,0",LICEO SCIENTIFICO
99,29912,TNEE85003X,"5,0","SCUOLA PRIMARIA ""DON L. GROSS"" POZZA DI FASSA"
100,29913,TNEE85001T,"5,0","SCUOLA PRIMARIA ""G. RIZZI"" CANAZEI"
101,29919,TNRI015007,"4,1",ISTITUTO PROFESSIONALE PER IL SETTORE DEI SERVIZI
102,29920,TNTN01500Q,"4,1",ISTITUTO TECNICO PER IL SETTORE ECONOMICO
103,29921,TNTE045005,"4,1",ISTITUTO TECNICO PER IL SETTORE TECNOLOGICO
104,29922,TNFP269STA,"4,1",SETTORE SERVIZI
105,29932,,"5,0",SCUOLA DELL'INFANZIA DI ANDALO
106,29938,,"5,0",SCUOLA DELL'INFANZIA DI BARCO DI LEVICO
107,29940,,"3,0",SCUOLA DELL'INFANZIA DI BOLOGNANO
108,29944,,"4,7",SCUOLA DELL'INFANZIA DI BORGO SACCO
109,29946,,"5,0",SCUOLA DELL'INFANZIA DI BORGO VALSUGANA
110,29948,,"5,0",SCUOLA DELL'INFANZIA DI BRENTONICO
111,29952,,"5,0",SCUOLA DELL'INFANZIA DI CALDONAZZO
112,29956,,"3,0",SCUOLA DELL'INFANZIA DI CAMPODENNO
113,30064,,"5,0",SCUOLA DELL'INFANZIA DI NOMI
114,30080,,"5,0",SCUOLA DELL'INFANZIA DI PIEVE TESINO
115,30090,,"5,0",SCUOLA DELL'INFANZIA DI POVO
116,30096,,"5,0",SCUOLA DELL'INFANZIA DI PRESSANO
117,30104,,"5,0","SCUOLA DELL'INFANZIA DI RIVA ""DEGASPERI"""
118,30166,,"4,0",SCUOLA DELL'INFANZIA DI TENNO
119,30172,,"5,0",SCUOLA DELL'INFANZIA DI TONADICO
120,30182,,"5,0","SCUOLA DELL'INFANZIA DI TRENTO ""PEDROTTI"""
121,30188,,"5,0",SCUOLA DELL'INFANZIA DI TRENTO S. BARTOLOMEO
122,30194,,"5,0","SCUOLA DELL'INFANZIA DI TRENTO COGNOLA ""B. KOFLER"""
123,30196,,"5,0",SCUOLA DELL'INFANZIA DI TRENTO LA CLARINA
124,30202,,"4,5",SCUOLA DELL'INFANZIA DI VARONE
125,30204,,"4,0",SCUOLA DELL'INFANZIA DI VERMIGLIO
126,30014,,"5,0",SCUOLA DELL'INFANZIA DI ISCHIA DI PERGINE
127,30022,,"5,0",SCUOLA DELL'INFANZIA DI LONA
128,30026,,"5,0",SCUOLA DELL'INFANZIA DI MADRANO
129,30034,,"5,0",SCUOLA DELL'INFANZIA DI MARTIGNANO
130,30040,,"5,0",SCUOLA DELL'INFANZIA DI MECHEL
131,30044,,"5,0",SCUOLA DELL'INFANZIA DI MEZZOCORONA
132,30054,,"5,0",SCUOLA DELL'INFANZIA DI MOLVENO
133,30058,,"5,0",SCUOLA DELL'INFANZIA DI MORI
134,30120,,"5,0","SCUOLA DELL'INFANZIA DI ROVERETO ""ROSMINI"""
135,30122,,"5,0",SCUOLA DELL'INFANZIA DI S. CROCE BLEGGIO
136,30128,,"5,0",SCUOLA DELL'INFANZIA DI SABBIONARA
137,30136,,"3,0",SCUOLA DELL'INFANZIA DI SEGNO
138,30148,,"5,0",SCUOLA DELL'INFANZIA DI SOPRAMONTE
139,29972,,"5,0",SCUOLA DELL'INFANZIA DI CAVEDINE
140,29974,,"3,5",SCUOLA DELL'INFANZIA DI CEMBRA
141,30008,,"5,0",SCUOLA DELL'INFANZIA DI GARDOLO
142,29704,TNEE85806N,"4,5","SCUOLA PRIMARIA ""A. DEGASPERI"" SARDAGNA"
143,29705,TNEE85802D,"4,2","SCUOLA PRIMARIA ""A. SCHMID"" CRISTO RE TRENTO"
144,29706,TNEE85801C,"4,2","SCUOLA PRIMARIA ""BEATO S. BELLESINI"" TRENTO"
145,29708,TNEE85803E,"5,0","SCUOLA PRIMARIA ""SAN VIGILIO"" VELA"
146,29710,TNMM85801B,"4,2","SCUOLA SECONDARIA DI PRIMO GRADO ""A. MANZONI"" TRENTO"
147,29732,TNEE844101,"4,7",SCUOLA PRIMARIA PIETRAMURATA
148,29734,TNEE84402G,"4,5",SCUOLA PRIMARIA TERLAGO
149,29735,TNEE84403L,"4,0",SCUOLA PRIMARIA VEZZANO
150,29738,TNMM84403G,"2,3","SCUOLA SECONDARIA DI PRIMO GRADO ""NUOVA EUROPA"" DRO"
151,29748,TNEE803018,"5,0",SCUOLA PRIMARIA VIGOLO VATTARO
152,29749,TNMM803017,"5,0",SCUOLA SECONDARIA DI PRIMO GRADO VIGOLO VATTARO
153,29751,TNEE84606B,"2,0","SCUOLA PRIMARIA ""L. VICENTINI"" NOMI"
154,29752,TNEE846038,"4,0","SCUOLA PRIMARIA ""P. LODRON"" VILLA LAGARINA"
155,29755,TNMM846015,"3,0","SCUOLA SECONDARIA DI PRIMO GRADO ""A. FRANK"" VILLA LAGARINA"
156,29512,TNEE817038,"2,5","SCUOLA PRIMARIA ""A. GIRARDI"" FORNACE"
157,29514,TNEE817049,"5,0",SCUOLA PRIMARIA ALBIANO
158,29516,TNMM817015,"2,5","SCUOLA SECONDARIA DI PRIMO GRADO ""G. ALESSANDRINI"" CIVEZZANO"
159,29517,TNMM817026,"5,0",SCUOLA SECONDARIA DI PRIMO GRADO ALBIANO
160,29529,TNMM838027,"5,0","SCUOLA SECONDARIA DI PRIMO GRADO ""G. PASCOLI"" PIEVE DI BONO"
161,29396,,"3,7","SCUOLA DELL'INFANZIA DI ROVERETO ""C. BATTISTI"""
162,29403,,"4,0",SCUOLA DELL'INFANZIA DI TERRAGNOLO PIAZZA
163,29404,,"4,7","SCUOLA DELL'INFANZIA DI TIERNO MORI ""IL GIRASOLE"""
164,134612,TNTN04500G,"3,8",ISTITUTO TECNICO PER IL SETTORE TECNOLOGICO
165,29413,TNTN04500G,"3,8",ISTITUTO TECNICO PER IL SETTORE ECONOMICO
166,29414,TNPS00500B,"3,8",LICEO SCIENTIFICO OPZIONE SCIENZE APPLICATE
167,29415,TN1E00800N,"3,8",SCUOLA PRIMARIA GARDASCUOLA ARCO
168,29416,TN1M00800V,"3,8",SCUOLA SECONDARIA DI PRIMO GRADO GARDASCUOLA ARCO
169,29419,TNCF002001,"3,0",SETTORE INDUSTRIA E ARTIGIANATO
170,29420,,"3,0",SETTORE INDUSTRIA E ARTIGIANATO SERALE
171,29422,TNEE84801T,"3,0","SCUOLA PRIMARIA ""A. BETTA"" ALA"
172,29426,TNEE82102V,"5,0",SCUOLA PRIMARIA ALDENO
173,29428,TNEE821041,"4,2",SCUOLA PRIMARIA MATTARELLO
174,29430,TNMM82102T,"4,0","SCUOLA SECONDARIA DI PRIMO GRADO ""A. FOGAZZARO"" MATTARELLO"
175,29434,TNEE83204B,"4,0",SCUOLA PRIMARIA COGOLO DI PEIO
176,29435,TNEE83208G,"4,0",SCUOLA PRIMARIA COMMEZZADURA
177,29436,TNEE83207E,"4,0",SCUOLA PRIMARIA PASSO TONALE
178,29438,TNEE83206D,"4,0",SCUOLA PRIMARIA VERMIGLIO
179,29439,TNMM832017,"4,0","SCUOLA SECONDARIA DI PRIMO GRADO ""C. ZANELLA"" FUCINE DI OSSANA"
180,29441,TNEE86002D,"3,7","SCUOLA PRIMARIA ""A.DE VALENTINI"" CALLIANO"
181,29442,TNEE86003E,"3,7","SCUOLA PRIMARIA ""G. TOVAZZI"" VOLANO"
182,29444,TNMM86001B,"5,0","SCUOLA SECONDARIA DI PRIMO GRADO ""ALTA VALLAGARINA"" VOLANO"
183,29446,TNEE81605E,"4,0","SCUOLA PRIMARIA ""ABRAMO ANDREATTA"" BEDOLLO"
184,29447,TNEE81601A,"5,0","SCUOLA PRIMARIA ""G. DALLAFIOR"" BASELGA DI PINE'"
185,29449,TNMM816019,"5,0","SCUOLA SECONDARIA DI PRIMO GRADO ""DON GIUSEPPE TARTER""BASELGA DI PINE'"
186,29451,TNEE840039,"5,0","SCUOLA PRIMARIA ""G. SEGANTINI"" ARCO"
187,29452,TNEE840017,"5,0",SCUOLA PRIMARIA BOLOGNANO
188,29454,TNEE84004A,"5,0",SCUOLA PRIMARIA ROMARZOLLO
189,29455,TNMM840016,"3,1","SCUOLA SECONDARIA DI PRIMO GRADO ""N. D'ARCO"" ARCO"
190,29607,TNEE81402Q,"4,5","SCUOLA PRIMARIA ""DON L. MILANI"" PERGINE VALSUGANA"
191,29611,TNEE814071,"4,0",SCUOLA PRIMARIA ZIVIGNAGO
192,29612,TNMM81401N,"4,0","SCUOLA SECONDARIA DI PRIMO GRADO ""C. ANDREATTA"" PERGINE VALSUGANA"
193,29614,TNEE81501E,"5,0","SCUOLA PRIMARIA ""G. RODARI"" PERGINE VALSUGANA"
194,29615,TNEE81502G,"5,0",SCUOLA PRIMARIA CANALE
195,29616,TNEE81504N,"5,0",SCUOLA PRIMARIA MADRANO
196,29618,TNMM81501D,"5,0","SCUOLA SECONDARIA DI PRIMO GRADO ""T. GARBARI"" PERGINE VALSUGANA"
197,29633,TNEE842031,"5,0","SCUOLA PRIMARIA ""G. FEDRIGONI"" VARONE RIVA DEL GARDA"
198,29645,TNEE85903A,"4,3","SCUOLA PRIMARIA ""M. K. GANDHI"" ROVERETO"
199,29646,TNMM859017,"4,3","SCUOLA SECONDARIA DI PRIMO GRADO ""L. NEGRELLI"" ROVERETO"
200,29653,TNEE80102N,"5,0","SCUOLA PRIMARIA ""A. DEGASPERI"" PIEVE TESINO"
201,29655,TNEE80104Q,"4,8",SCUOLA PRIMARIA SAMONE
202,29656,TNEE80105R,"5,0",SCUOLA PRIMARIA SCURELLE
203,29657,TNEE80106T,"5,0",SCUOLA PRIMARIA STRIGNO
204,29658,TNEE80107V,"5,0",SCUOLA PRIMARIA VILLA AGNEDO
205,29659,TNMM80102L,"5,0","SCUOLA SECONDARIA DI PRIMO GRADO ""O. BRENTARI"" STRIGNO"
206,29564,TNEE83704E,"5,0",SCUOLA PRIMARIA CAMPO LOMASO
207,29567,TNMM83701A,"5,0","SCUOLA SECONDARIA DI PRIMO GRADO ""G. PRATI"" PONTE ARCHE"
208,29574,TNEE825037,"4,0","SCUOLA PRIMARIA ""A. FRANK"" ZAMBANA"
209,29575,TNEE825015,"4,5","SCUOLA PRIMARIA ""DON G. GRAZIOLI"" LAVIS"
210,29576,TNEE825026,"5,0",SCUOLA PRIMARIA PRESSANO LAVIS
211,29577,TNMM825014,"4,8","SCUOLA SECONDARIA DI PRIMO GRADO ""A. STAINER"" LAVIS"
212,29581,TNEE818012,"5,0","SCUOLA PRIMARIA ""PADRE B. MARTINELLI"" CALCERANICA AL LAGO"
213,29582,TNEE818034,"5,0",SCUOLA PRIMARIA LEVICO TERME
214,29583,TNMM818011,"5,0","SCUOLA SECONDARIA DI PRIMO GRADO ""G. B. DE GASPARIS"" LEVICO TERME"
215,29585,TNEE82304L,"3,4","SCUOLA PRIMARIA ""A. DEGASPERI"" MEZZOCORONA"
216,29588,TNEE82301D,"5,0",SCUOLA PRIMARIA GRUMO
217,29589,TNMM82301C,"4,8","SCUOLA SECONDARIA DI PRIMO GRADO ""E. CHINI"" MEZZOCORONA"
218,29593,TNEE82407G,"3,0","SCUOLA PRIMARIA ""L. NICOLUSSI"" MOLVENO"
219,29459,TNMM847011,"3,0","SCUOLA SECONDARIA DI PRIMO GRADO ""D. ALIGHIERI"" AVIO"
220,29479,TNEE812024,"4,0",SCUOLA PRIMARIA GRIGNO
221,29480,TNMM812012,"4,3","SCUOLA SECONDARIA DI PRIMO GRADO ""ORA E VEGLIA"" BORGO VALSUGANA"
222,29481,TNMM812023,"4,0","SCUOLA SECONDARIA DI PRIMO GRADO ""S. FANTE"" GRIGNO"
223,29493,TNEE82206V,"4,5","SCUOLA PRIMARIA ""DON L. MILANI"" LASES"
224,29495,TNEE822081,"4,0","SCUOLA PRIMARIA ""P. SARTORI"" SOVER"
225,29499,TNMM82201L,"4,0","SCUOLA SECONDARIA DI PRIMO GRADO ""A. VIELMETTI"" CEMBRA"
226,29664,TNEE826033,"3,8",SCUOLA PRIMARIA TAIO
227,29665,TNMM826021,"3,8","SCUOLA SECONDARIA DI PRIMO GRADO ""F. BARBACOVI"" COREDO"
228,29666,TNMM82601X,"3,8","SCUOLA SECONDARIA DI PRIMO GRADO ""F. BARBACOVI"" TAIO"
229,29677,TNEE81901T,"3,3","SCUOLA PRIMARIA ""U. MOGGIOLI"" POVO"
230,29678,TNMM81901R,"3,8","SCUOLA SECONDARIA DI PRIMO GRADO ""G. PASCOLI"" POVO"
231,29680,TNEE820012,"5,0","SCUOLA PRIMARIA ""E. BERNARDI"" COGNOLA"
232,29681,TNEE820045,"4,7","SCUOLA PRIMARIA ""R. BELENZANI"" S.VITO"
233,29682,TNEE820034,"5,0","SCUOLA PRIMARIA ""R. ZANDONAI"" MARTIGNANO"
234,29684,TNMM820011,"4,1","SCUOLA SECONDARIA DI PRIMO GRADO ""ARGENTARIO"" TRENTO"
235,29686,TNEE85604X,"5,0","SCUOLA PRIMARIA ""A. NICOLODI"" TRENTO"
236,29687,TNEE85601R,"5,0","SCUOLA PRIMARIA ""D. SAVIO"" TRENTO"
237,29688,TNEE85602T,"3,0","SCUOLA PRIMARIA ""G. B. DE GASPARI"" TRENTO"
238,29690,TNMM85601Q,"4,0","SCUOLA SECONDARIA DI PRIMO GRADO ""BRONZETTI - SEGANTINI"" TRENTO"
239,29692,TNEE85701L,"4,1",SCUOLA PRIMARIA CLARINA TRENTO
240,29693,TNEE85702N,"5,0",SCUOLA PRIMARIA LOCALITA' MADONNA BIANCA TRENTO
241,29694,TNEE85703P,"3,5",SCUOLA PRIMARIA OSPEDALE INFANTILE TRENTO
242,29695,TNMM85701G,"3,0","SCUOLA SECONDARIA DI PRIMO GRADO ""O. WINKLER"" TRENTO"
243,29700,TNEE85201D,"4,5","SCUOLA PRIMARIA ""R. SANZIO"" TRENTO"
244,29702,TNMM85201C,"2,8","SCUOLA SECONDARIA DI PRIMO GRADO ""G. BRESADOLA"" TRENTO"
245,29762,TNTD002505,"4,5",ISTITUTO PROFESSIONALE PER I SERVIZI SANITARI SERALE
246,29763,TNTD00201R,"4,5",ISTITUTO TECNICO PER IL SETTORE ECONOMICO
247,29764,TNTD002505,"4,5",ISTITUTO TECNICO PER IL SETTORE ECONOMICO SERALE
248,29765,TNTD00201R,"4,5",ISTITUTO TECNICO PER IL SETTORE TECNOLOGICO
249,29766,TNTD002505,"4,5",ISTITUTO TECNICO PER IL SETTORE TECNOLOGICO SERALE
250,29767,TNPS002011,"4,5",LICEO DELLE SCIENZE UMANE
251,29768,TNPS002011,"4,5",LICEO SCIENTIFICO
252,29769,TNPS002011,"4,5",LICEO SCIENTIFICO OPZIONE SCIENZE APPLICATE
253,29773,TNTD00701X,"4,5",ISTITUTO TECNICO PER IL SETTORE ECONOMICO
254,29774,TNTD007519,"4,5",ISTITUTO TECNICO PER IL SETTORE ECONOMICO SERALE
255,29775,TNTD00701X,"4,5",ISTITUTO TECNICO PER IL SETTORE TECNOLOGICO
256,29776,TNTD007519,"4,5",ISTITUTO TECNICO PER IL SETTORE TECNOLOGICO SERALE
257,29777,TNPS007014,"4,5",LICEO DELLE SCIENZE UMANE
258,29778,TNPS007014,"4,5",LICEO LINGUISTICO
259,29779,TNPS007014,"4,5",LICEO SCIENTIFICO
260,29780,TNPS007014,"4,5",LICEO SCIENTIFICO OPZIONE SCIENZE APPLICATE
261,29791,TNCT703003,"3,6",EDUCAZIONE PER ADULTI RELATIVA AL PRIMO CICLO
262,29792,TNRC004015,"1,0",ISTITUTO TECNICO PER IL SETTORE ECONOMICO - LEVICO
263,29793,TNTD00401C,"3,6",ISTITUTO TECNICO PER IL SETTORE ECONOMICO - PERGINE
264,29794,TNTD00450R,"3,6",ISTITUTO TECNICO PER IL SETTORE ECONOMICO SERALE
265,29795,TNTD00401C,"3,6",ISTITUTO TECNICO PER IL SETTORE TECNOLOGICO
266,29796,TNTD00450R,"3,6",ISTITUTO TECNICO PER IL SETTORE TECNOLOGICO SERALE
267,29797,TNPS00401L,"3,6",LICEO DELLE SCIENZE UMANE
268,29798,TNPS00401L,"3,6",LICEO DELLE SCIENZE UMANE OPZIONE ECONOMICO SOCIALE
269,29799,TNPS00401L,"3,6",LICEO LINGUISTICO
270,29800,TNPS00401L,"3,6",LICEO SCIENTIFICO
271,29371,,"4,5","SCUOLA DELL'INFANZIA DI ZAMBANA ""GIROTONDO"""
272,29381,,"5,0","SCUOLA DELL'INFANZIA DI S.MICHELE ALL' ADIGE ""IL GERMOGLIO"""
273,29243,TN1M00900P,"5,0","SCUOLA SECONDARIA DI PRIMO GRADO ""LA VELA"" ROVERETO"
274,29862,TNCF011001,"4,3",SETTORE SERVIZI
275,29863,,"4,3",SETTORE SERVIZI SERALE
276,92004,TNCF011001,"4,3",SETTORE INDUSTRIA E ARTIGIANATO
277,122612,TNCF010001,"4,1",SETTORE INDUSTRIA E ARTIGIANATO
278,29859,TNCF010001,"4,1",SETTORE SERVIZI
279,76225,,"4,1",SETTORE SERVIZI SERALE
280,29531,TNTD170007,"4,3",ISTITUTO TECNICO PER IL SETTORE ECONOMICO
281,29532,TNTD170007,"4,3",ISTITUTO TECNICO PER IL SETTORE TECNOLOGICO
282,29534,TNPS100005,"4,3",LICEO SCIENTIFICO OPZIONE SCIENZE APPLICATE
283,29537,TNEE81001B,"4,3","SCUOLA PRIMARIA ""F. LOSS"" CANAL SAN BOVO"
284,29539,TNMM81002B,"4,3","SCUOLA SECONDARIA DI PRIMO GRADO ""L. NEGRELLI"" - FIERA DI PRIMIERO"
285,29604,TNMM84901L,"4,0","SCUOLA SECONDARIA DI PRIMO GRADO ""B. MALFATTI"" MORI"
286,29847,TNCT702007,"2,8",EDUCAZIONE PER ADULTI RELATIVA AL PRIMO CICLO
287,29848,TNTD00801Q,"2,8",ISTITUTO TECNICO PER IL SETTORE ECONOMICO
288,29849,TNTD008515,"2,8",ISTITUTO TECNICO PER IL SETTORE ECONOMICO SERALE
289,29850,TNTD00801Q,"2,8",ISTITUTO TECNICO PER IL SETTORE TECNOLOGICO
290,29851,TNTD008515,"2,8",ISTITUTO TECNICO PER IL SETTORE TECNOLOGICO SERALE
291,29866,,"3,6",SETTORE INDUSTRIA E ARTIGIANATO SERALE
292,29867,TNCF012001,"4,3",SETTORE SERVIZI
293,29868,,"4,3",SETTORE SERVIZI SERALE
294,29462,TNEE82901C,"5,0","SCUOLA PRIMARIA ""M. PEZZI"" CAMPODENNO"
295,29463,TNEE82903E,"5,0","SCUOLA PRIMARIA ""MONS. S. WEBER"" DENNO"
296,29464,TNEE82907P,"5,0","SCUOLA PRIMARIA ""V. MAISTRELLI"" TUENNO"
297,29467,TNEE82905L,"5,0",SCUOLA PRIMARIA VIGO TON
298,29469,TNMM82901B,"5,0","SCUOLA SECONDARIA DI PRIMO GRADO ""V. VIELMETTI"" DENNO"
299,29714,TNEE85103Q,"4,3","SCUOLA PRIMARIA ""PIGARELLI"" GARDOLO TRENTO"
300,29715,TNEE85104R,"5,0","SCUOLA PRIMARIA ""S. ANNA"" GARDOLO TRENTO"
301,29716,TNMM85101L,"2,3","SCUOLA SECONDARIA DI PRIMO GRADO ""S. PEDROLLI"" GARDOLO TRENTO"
302,29811,TNRC009018,"4,6",ISTITUTO PROFESSIONALE PER IL SETTORE DEI SERVIZI
303,29812,TNRC00951N,"4,6",ISTITUTO PROFESSIONALE PER IL SETTORE DEI SERVIZI SERALE
304,29813,TNTD00901G,"4,6",ISTITUTO TECNICO PER IL SETTORE ECONOMICO
305,29814,TNTD00950X,"4,6",ISTITUTO TECNICO PER IL SETTORE ECONOMICO SERALE
306,29870,TNPC01000Q,"3,4",LICEO CLASSICO
307,29871,TNPC01000Q,"3,4",LICEO DELLE SCIENZE UMANE
308,29872,TNPC01000Q,"3,4",LICEO LINGUISTICO
309,29873,TNPC01000Q,"3,4",LICEO MUSICALE E COREUTICO
310,29874,TNPC01000Q,"3,4",LICEO SCIENTIFICO
311,29875,TNPC01000Q,"3,4",LICEO SCIENTIFICO OPZIONE SCIENZE APPLICATE
312,29649,TNEE855011,"4,8","SCUOLA PRIMARIA ""D. ALIGHIERI"" ROVERETO"
313,29650,TNEE855022,"4,5","SCUOLA PRIMARIA ""F. GUELLA"" LIZZANA"
314,29651,TNMM85501X,"4,0","SCUOLA SECONDARIA DI PRIMO GRADO ""F. HALBHERR"" ROVERETO"
315,29522,TNMM83101B,"4,5","SCUOLA SECONDARIA DI PRIMO GRADO ""V. INAMA"" CLES"
316,29899,TNPS11000Q,"2,7",LICEO LINGUISTICO
317,29626,TNEE841013,"4,0","SCUOLA PRIMARIA ""N. PERNICI"" RIVA DEL GARDA"
318,29630,TNMM841012,"4,2","SCUOLA SECONDARIA DI PRIMO GRADO ""D. CHIESA"" RIVA DEL GARDA"
319,29570,TNEE84502B,"4,0","SCUOLA PRIMARIA ""F.LLI FILZI"" ROVERETO"
320,29572,TNMM845019,"3,4","SCUOLA SECONDARIA DI PRIMO GRADO ""A. DEGASPERI"" ROVERETO"
321,29640,TNEE85302A,"5,0","SCUOLA PRIMARIA ""REGINA ELENA"" ROVERETO"
322,29642,TNMM853018,"4,8","SCUOLA SECONDARIA DI PRIMO GRADO ""D. CHIESA"" ROVERETO"
323,92010,,"4,4","SCUOLA DELL'INFANZIA DI TRENTO ""SACRO CUORE"""
324,29390,,"1,0","SCUOLA DELL'INFANZIA DI RIVA ""RIONE 2 GIUGNO"""
325,29391,,"5,0",SCUOLA DELL'INFANZIA DI ROMARZOLLO
326,29393,,"5,0",SCUOLA DELL'INFANZIA DI ZUCLO BOLBENO
327,29363,,"5,0","SCUOLA DELL'INFANZIA DI TRENTO RONCAFORT ""MARGIT LEVINSON"""
328,29313,,"5,0","SCUOLA DELL'INFANZIA DI CAVARENO ""PETER PAN"""
329,29317,,"3,0",SCUOLA DELL'INFANZIA DI MIONE RUMO
330,29343,,"4,5","SCUOLA DELL'INFANZIA DI TRENTO VILLAZZANO 3 ""L'OFFICINA DEGLI GNOMI"""
331,29344,,"5,0","SCUOLA DELL'INFANZIA DI TRENTO CLARINA ""PICCOLO MONDO"""
332,29347,,"5,0",SCUOLA DELL'INFANZIA DI TRENTO S.MARTINO
333,29310,,"4,0","SCUOLA DELL'INFANZIA DI ROVERETO RIONE NORD ""MILLE COLORI"""
334,29926,,"4,0",SCUOLA DELL'INFANZIA DI ALA
335,30016,,"5,0","SCUOLA DELL'INFANZIA DI LAVIS ""MADRE MADDALENA DI CANOSSA"""
336,30180,,"4,5","SCUOLA DELL'INFANZIA DI TRENTO ""A. TAMBOSI"""
337,30190,,"5,0","SCUOLA DELL'INFANZIA DI TRENTO ""G.B. ZANELLA"""
338,92006,,"5,0",SCUOLA DELL'INFANZIA DI CAVALESE
339,29992,,"5,0",SCUOLA DELL'INFANZIA DI DAONE
340,29924,,"5,0","SCUOLA DELL'INFANZIA DI BREGUZZO - BONDO ""GIUSEPPINA BONAZZA"""
341,29411,TNCF006001,"4,7",SETTORE AGRICOLTURA E AMBIENTE
342,29256,TNFP252STA,"5,0",SETTORE SERVIZI
343,29251,TNFP250STA,"4,3",SETTORE INDUSTRIA E ARTIGIANATO
